Lịch ID,Trọng số trung bình
1,0.6
2,0.0
3,0.0
4,0.6
5,0.75
6,0.6
7,0.0
8,1.2
9,1.0
10,0.75
11,0.0
12,0.0
13,0.0
14,0.0
15,0.75
16,0.6
17,1.2
18,0.75
19,0.75
20,1.2
21,0.0
22,1.2
23,0.0
24,0.75
25,0.6
26,1.2
27,0.6
28,1.2
29,1.5
30,1.2
31,0.0
32,0.6
33,1.0
34,0.0
35,0.75
36,1.2
37,0.75
38,1.2
39,1.8
40,0.0
41,1.2
42,0.75
43,0.6
44,0.75
45,1.2
46,0.75
47,1.2
48,0.75
49,0.6
50,0.75
51,0.75
52,0.75
53,1.8
54,1.2
55,0.6
56,0.75
57,1.8
58,0.0
59,1.2
60,0.0
61,1.0
62,1.2
63,1.2
64,0.6
65,1.2
66,0.0
67,0.0
68,0.75
69,1.2
70,0.6
71,0.0
72,0.0
73,0.75
74,1.2
75,0.75
76,1.2
77,1.2
78,0.75
79,0.75
80,1.2
81,0.6
82,0.0
83,0.0
84,1.5
85,0.75
86,1.2
87,1.5
88,1.2
89,0.75
90,1.2
91,0.0
92,0.75
93,1.2
94,0.0
95,1.2
96,0.0
97,1.2
98,0.6
99,0.0
100,0.6
101,1.5
102,0.75
103,0.0
104,0.75
105,0.75
106,0.0
107,1.2
108,0.6
109,0.6
110,0.0
111,0.0
112,0.6
113,0.0
114,0.75
115,0.0
116,0.75
117,0.75
118,1.2
119,1.2
120,1.2
121,0.75
122,0.75
123,0.6
124,1.5
125,0.75
126,0.0
127,0.6
128,0.75
129,0.6
130,1.8
131,1.2
132,1.2
133,0.0
134,0.75
135,0.6
136,1.2
137,0.6
138,0.75
139,1.2
140,0.6
141,0.0
142,1.2
143,0.0
144,0.75
145,1.2
146,1.8
147,0.75
148,0.75
149,0.75
150,0.6
151,1.8
152,1.2
153,0.75
154,0.0
155,1.2
156,1.2
157,0.0
158,0.75
159,1.2
160,0.0
161,0.0
162,0.0
163,1.5
164,0.0
165,0.75
166,1.2
167,1.2
168,0.6
169,1.2
170,0.6
171,0.0
172,0.6
173,1.2
174,1.8
175,1.2
176,1.2
177,1.2
178,1.2
179,0.75
180,0.0
181,0.0
182,1.2
183,0.0
184,0.75
185,0.6
186,0.75
187,1.2
188,0.0
189,1.2
190,0.75
191,0.0
192,0.75
193,0.75
194,1.2
195,0.0
196,0.75
197,0.75
198,1.2
199,0.75
200,0.0
201,1.5
202,0.6
203,1.2
204,1.2
205,0.75
206,1.8
207,0.75
208,1.2
209,0.0
210,1.2
211,0.6
212,1.2
213,0.75
214,0.0
215,0.0
216,0.0
217,1.2
218,0.0
219,0.6
220,1.2
221,0.75
222,1.2
223,0.6
224,0.0
225,1.2
226,0.75
227,0.0
228,0.6
229,0.75
230,0.0
231,0.75
232,0.75
233,1.5
234,1.2
235,0.0
236,0.0
237,0.75
238,0.6
239,1.2
240,1.2
241,0.75
242,0.75
243,1.8
244,0.75
245,0.75
246,0.0
247,0.0
248,1.2
249,1.5
250,1.8
251,0.75
252,1.2
253,0.0
254,0.6
255,0.0
256,0.6
257,1.2
258,0.6
259,0.75
260,1.2
261,1.2
262,0.75
263,0.75
264,0.6
265,0.0
266,1.2
267,0.0
268,0.6
269,1.2
270,1.2
271,0.6
272,0.75
273,0.0
274,0.75
275,0.0
276,0.75
277,0.0
278,0.75
279,0.6
280,0.0
281,0.75
282,0.75
283,0.6
284,1.2
285,1.2
286,1.2
287,0.75
288,1.2
289,0.75
290,0.75
291,0.75
292,0.75
293,0.0
294,0.6
295,0.0
296,0.6
297,0.0
298,1.2
299,0.6
300,1.2
301,0.75
302,1.2
303,0.0
304,0.6
305,1.5
306,1.2
307,0.75
308,1.5
309,1.2
310,0.0
311,1.2
312,1.2
313,1.2
314,0.75
315,0.6
316,1.2
317,1.2
318,0.6
319,0.0
320,0.0
321,0.75
322,1.2
323,0.75
324,1.0
325,0.75
326,0.75
327,1.2
328,1.2
329,0.0
330,1.5
331,0.6
332,0.0
333,0.6
334,1.0
335,0.6
336,0.0
337,0.0
338,0.0
339,0.6
340,0.6
341,0.0
342,0.6
343,0.0
344,0.75
345,0.75
346,0.0
347,0.5
348,1.2
349,0.75
350,1.2
351,0.6
352,1.2
353,0.75
354,0.75
355,1.2
356,0.0
357,0.0
358,0.75
359,1.5
360,0.75
361,0.6
362,1.2
363,0.75
364,0.6
365,1.2
366,0.6
367,0.6
368,0.6
369,0.6
370,1.2
371,0.0
372,1.2
373,0.0
374,1.2
375,0.0
376,0.0
377,1.2
378,1.8
379,0.75
380,1.2
381,1.2
382,0.75
383,0.0
384,0.75
385,0.6
386,0.75
387,0.6
388,0.75
389,0.6
390,0.75
391,0.75
392,1.2
393,0.6
394,0.0
395,0.0
396,1.2
397,0.0
398,1.2
399,0.0
400,0.75
401,1.2
402,0.75
403,0.0
404,0.0
405,1.2
406,0.6
407,0.6
408,1.2
409,0.75
410,1.2
411,0.6
412,0.0
413,0.75
414,0.0
415,0.6
416,0.75
417,0.0
418,0.0
419,0.75
420,0.6
421,1.5
422,0.0
423,1.2
424,0.0
425,1.0
426,1.2
427,0.75
428,0.0
429,0.75
430,0.75
431,1.2
432,0.75
433,0.75
434,0.75
435,0.75
436,0.6
437,1.2
438,1.2
439,1.2
440,0.0
441,0.0
442,0.75
443,0.75
444,0.6
445,0.0
446,0.0
447,0.75
448,0.6
449,0.6
450,0.75
451,1.8
452,0.0
453,0.75
454,1.2
455,0.0
456,0.6
457,0.75
458,0.75
459,2.0
460,0.75
461,2.0
462,0.0
463,0.6
464,0.6
465,1.2
466,1.2
467,0.0
468,0.75
469,0.75
470,0.0
471,1.2
472,0.75
473,0.0
474,0.75
475,1.2
476,0.6
477,1.2
478,1.2
479,0.6
480,0.0
481,0.75
482,0.75
483,1.8
484,1.2
485,1.2
486,0.75
487,0.0
488,0.0
489,0.0
490,0.75
491,1.2
492,0.75
493,0.0
494,0.6
495,0.6
496,1.2
497,0.75
498,0.75
499,0.75
500,0.6
501,0.75
502,0.0
503,0.0
504,1.2
505,0.6
506,0.75
507,1.2
508,0.0
509,1.2
510,0.0
511,1.2
512,0.0
513,1.2
514,0.0
515,0.0
516,0.6
517,1.2
518,0.75
519,0.0
520,0.75
521,0.75
522,0.0
523,0.0
524,0.6
525,0.75
526,0.75
527,1.2
528,0.75
529,1.2
530,0.6
531,0.0
532,0.75
533,0.75
534,1.2
535,1.2
536,0.0
537,1.2
538,1.2
539,0.6
540,1.2
541,0.75
542,0.6
543,0.0
544,0.75
545,0.0
546,0.0
547,0.0
548,0.6
549,0.75
550,0.75
551,0.6
552,0.75
553,0.0
554,0.0
555,0.75
556,0.6
557,0.0
558,0.0
559,1.5
560,1.8
561,1.2
562,1.2
563,0.75
564,0.6
565,1.2
566,0.75
567,1.2
568,0.75
569,0.0
570,1.2
571,0.75
572,0.0
573,0.6
574,0.6
575,1.2
576,1.2
577,0.0
578,1.8
579,1.5
580,0.75
581,0.0
582,1.2
583,1.2
584,0.6
585,0.75
586,0.75
587,1.2
588,1.2
589,0.0
590,1.2
591,0.0
592,0.0
593,1.2
594,1.2
595,0.75
596,1.2
597,0.0
598,1.2
599,0.6
600,1.2
601,0.75
602,0.75
603,0.6
604,0.75
605,0.6
606,0.75
607,0.0
608,0.0
609,0.75
610,0.75
611,0.75
612,0.0
613,1.2
614,0.0
615,1.2
616,1.2
617,1.8
618,0.0
619,0.75
620,0.6
621,1.2
622,0.75
623,0.75
624,0.75
625,0.0
626,1.2
627,1.2
628,0.0
629,0.6
630,0.0
631,0.75
632,1.2
633,1.8
634,0.6
635,0.6
636,0.75
637,1.2
638,0.6
639,1.2
640,0.0
641,0.0
642,0.75
643,0.75
644,1.2
645,0.6
646,0.0
647,0.75
648,0.0
649,0.0
650,0.75
651,0.0
652,0.75
653,0.0
654,0.0
655,1.2
656,0.6
657,0.75
658,0.0
659,0.75
660,1.2
661,0.0
662,0.75
663,0.75
664,0.0
665,1.5
666,0.75
667,0.6
668,0.6
669,1.8
670,1.2
671,0.0
672,0.0
673,1.2
674,0.0
675,1.2
676,0.0
677,0.75
678,0.6
679,1.2
680,1.2
681,0.6
682,0.75
683,0.75
684,0.75
685,0.75
686,1.8
687,0.6
688,0.75
689,0.75
690,0.0
691,0.6
692,1.2
693,1.2
694,0.75
695,0.6
696,1.2
697,0.75
698,0.0
699,1.8
700,0.0
701,1.5
702,1.5
703,0.75
704,1.2
705,0.0
706,1.2
707,0.75
708,1.2
709,0.0
710,0.75
711,0.6
712,0.75
713,0.0
714,0.0
715,0.6
716,0.6
717,0.75
718,1.8
719,1.2
720,0.0
721,0.75
722,0.75
723,1.2
724,0.75
725,0.6
726,0.75
727,0.75
728,0.75
729,0.0
730,0.6
731,0.6
732,0.75
733,1.2
734,0.6
735,1.2
736,1.2
737,0.0
738,1.2
739,1.2
740,0.6
741,0.0
742,0.0
743,0.75
744,0.75
745,0.75
746,0.0
747,0.0
748,1.2
749,0.0
750,0.0
751,0.6
752,0.6
753,0.75
754,0.75
755,0.75
756,0.6
757,0.0
758,0.0
759,1.2
760,0.75
761,0.6
762,0.6
763,1.2
764,0.6
765,0.75
766,0.6
767,0.75
768,1.2
769,0.6
770,0.75
771,0.0
772,0.75
773,0.0
774,0.75
775,0.75
776,1.5
777,0.0
778,0.6
779,1.8
780,0.75
781,0.6
782,0.6
783,1.2
784,0.75
785,0.0
786,1.2
787,1.2
788,1.2
789,0.75
790,1.2
791,0.75
792,1.2
793,0.75
794,0.75
795,1.2
796,1.2
797,0.6
798,0.75
799,1.2
800,1.2
801,0.0
802,1.5
803,0.75
804,0.0
805,0.0
806,1.2
807,0.6
808,0.6
809,0.0
810,0.0
811,0.75
812,0.75
813,0.0
814,0.75
815,0.6
816,1.2
817,0.75
818,0.0
819,0.75
820,0.6
821,1.2
822,1.2
823,0.0
824,1.2
825,0.75
826,1.2
827,0.75
828,0.0
829,0.6
830,0.75
831,1.2
832,0.0
833,0.75
834,0.6
835,0.0
836,0.0
837,1.5
838,0.6
839,0.0
840,0.75
841,1.2
842,0.6
843,0.75
844,0.6
845,0.75
846,1.2
847,1.2
848,0.0
849,0.75
850,0.0
851,1.8
852,0.0
853,0.75
854,0.6
855,0.75
856,0.6
857,1.2
858,0.75
859,0.0
860,0.75
861,0.75
862,0.75
863,0.6
864,0.0
865,1.2
866,0.6
867,1.5
868,1.2
869,0.6
870,0.0
871,0.6
872,0.6
873,0.0
874,0.0
875,1.2
876,0.0
877,0.0
878,1.2
879,0.0
880,0.75
881,1.2
882,0.0
883,0.75
884,0.75
885,0.6
886,0.0
887,1.2
888,1.2
889,0.0
890,0.6
891,0.75
892,1.2
893,0.6
894,0.0
895,0.0
896,0.75
897,0.6
898,0.0
899,0.0
900,1.5
901,1.2
902,0.75
903,1.2
904,0.0
905,0.6
906,0.75
907,0.75
908,1.2
909,0.6
910,0.6
911,1.0
912,0.0
913,0.0
914,1.0
915,1.5
916,0.75
917,0.75
918,1.2
919,0.0
920,0.0
921,0.75
922,0.75
923,1.2
924,0.75
925,0.0
926,0.6
927,0.75
928,0.75
929,0.75
930,1.2
931,1.5
932,1.5
933,1.2
934,1.2
935,0.75
936,0.75
937,0.0
938,0.6
939,0.75
940,0.6
941,0.75
942,0.75
943,1.5
944,0.75
945,0.0
946,1.2
947,0.75
948,0.0
949,0.0
950,0.75
951,0.75
952,0.75
953,1.2
954,0.0
955,0.0
956,0.75
957,0.75
958,0.75
959,0.75
960,0.75
961,0.6
962,1.8
963,1.2
964,0.75
965,1.2
966,1.2
967,0.0
968,0.0
969,0.75
970,1.8
971,1.2
972,0.75
973,0.0
974,1.2
975,0.75
976,1.2
977,0.6
978,0.75
979,0.75
980,0.0
981,0.0
982,1.2
983,0.0
984,0.6
985,0.75
986,1.8
987,0.75
988,1.5
989,0.75
990,0.75
991,0.0
992,0.0
993,0.0
994,1.2
995,0.75
996,0.6
997,1.5
998,0.75
999,1.2
1000,0.75
1001,0.6
1002,0.75
1003,0.0
1004,0.75
1005,1.2
1006,0.75
1007,0.75
1008,0.75
1009,0.75
1010,0.0
1011,0.0
1012,0.6
1013,1.8
1014,0.75
1015,0.75
1016,1.2
1017,1.8
1018,0.6
1019,1.2
1020,0.75
1021,0.6
1022,1.2
1023,0.75
1024,0.75
1025,0.6
1026,0.0
1027,1.2
1028,0.75
1029,1.8
1030,1.2
1031,0.6
1032,0.0
1033,1.8
1034,0.6
1035,1.2
1036,0.0
1037,1.5
1038,0.75
1039,0.0
1040,0.75
1041,0.0
1042,0.75
1043,0.0
1044,0.0
1045,0.6
1046,0.0
1047,0.0
1048,0.6
1049,1.2
1050,1.2
1051,0.6
1052,0.6
1053,1.2
1054,0.75
1055,0.75
1056,1.2
1057,0.75
1058,0.6
1059,0.75
1060,1.2
1061,0.75
1062,0.0
1063,0.75
1064,1.8
1065,0.75
1066,0.0
1067,1.2
1068,1.2
1069,0.6
1070,0.75
1071,0.75
1072,0.75
1073,0.75
1074,0.75
1075,0.75
1076,1.2
1077,0.0
1078,0.75
1079,0.75
1080,0.0
1081,0.0
1082,0.75
1083,0.0
1084,0.0
1085,1.5
1086,1.2
1087,0.75
1088,0.75
1089,0.75
1090,0.6
1091,0.6
1092,1.2
1093,1.8
1094,0.75
1095,1.2
1096,0.0
1097,0.75
1098,0.0
1099,0.0
1100,1.2
1101,0.0
1102,0.0
1103,0.75
1104,1.2
1105,0.75
1106,1.5
1107,1.2
1108,1.2
1109,1.2
1110,0.6
1111,1.2
1112,1.2
1113,1.2
1114,0.75
1115,0.75
1116,0.75
1117,0.0
1118,0.6
1119,0.75
1120,0.6
1121,0.6
1122,0.0
1123,1.2
1124,0.75
1125,0.0
1126,0.75
1127,1.2
1128,1.5
1129,0.0
1130,1.2
1131,0.75
1132,0.6
1133,0.75
1134,0.0
1135,0.75
1136,1.8
1137,1.2
1138,1.8
1139,0.75
1140,1.0
1141,0.0
1142,0.75
1143,1.0
1144,0.75
1145,0.6
1146,1.2
1147,1.2
1148,0.0
1149,0.75
1150,0.75
1151,0.6
1152,1.5
1153,1.2
1154,0.75
1155,0.75
1156,0.75
1157,0.6
1158,1.2
1159,0.0
1160,0.75
1161,0.0
1162,0.6
1163,0.75
1164,1.2
1165,0.6
1166,0.75
1167,1.2
1168,0.6
1169,0.0
1170,1.2
1171,0.75
1172,1.2
1173,0.0
1174,1.2
1175,0.6
1176,0.0
1177,1.2
1178,1.2
1179,0.0
1180,0.6
1181,1.2
1182,0.0
1183,0.75
1184,0.6
1185,1.2
1186,0.75
1187,0.75
1188,0.0
1189,0.0
1190,0.0
1191,0.6
1192,1.2
1193,0.75
1194,0.0
1195,0.75
1196,0.6
1197,0.0
1198,0.0
1199,0.0
1200,1.2
1201,0.0
1202,0.6
1203,0.75
1204,1.2
1205,0.75
1206,0.6
1207,1.2
1208,0.6
1209,1.2
1210,0.0
1211,1.2
1212,0.75
1213,1.2
1214,0.0
1215,0.75
1216,0.6
1217,0.75
1218,0.75
1219,0.75
1220,1.2
1221,0.0
1222,0.75
1223,0.75
1224,0.6
1225,1.2
1226,1.2
1227,0.6
1228,0.6
1229,0.0
1230,0.0
1231,0.75
1232,1.2
1233,1.2
1234,1.2
1235,0.75
1236,1.2
1237,0.75
1238,0.75
1239,0.6
1240,0.0
1241,0.0
1242,1.2
1243,1.2
1244,0.75
1245,0.0
1246,1.2
1247,0.6
1248,0.75
1249,0.6
1250,1.2
1251,0.0
1252,0.6
1253,0.75
1254,0.75
1255,1.2
1256,0.75
1257,0.0
1258,0.0
1259,1.2
1260,0.6
1261,0.75
1262,0.75
1263,0.0
1264,1.2
1265,0.6
1266,1.2
1267,0.0
1268,1.8
1269,0.75
1270,1.2
1271,1.0
1272,0.75
1273,0.75
1274,1.2
1275,0.0
1276,0.75
1277,0.75
1278,1.2
1279,0.75
1280,1.2
1281,0.0
1282,1.2
1283,1.2
1284,0.75
1285,1.2
1286,0.6
1287,0.0
1288,1.2
1289,0.75
1290,1.2
1291,0.75
1292,0.0
1293,1.2
1294,0.6
1295,1.2
1296,0.6
1297,0.6
1298,0.75
1299,0.0
1300,1.2
1301,0.0
1302,0.75
1303,0.75
1304,1.2
1305,0.0
1306,0.6
1307,1.2
1308,0.75
1309,0.75
1310,1.2
1311,0.6
1312,0.0
1313,1.2
1314,1.2
1315,1.2
1316,0.75
1317,0.6
1318,1.5
1319,0.75
1320,0.75
1321,0.75
1322,1.2
1323,0.75
1324,1.2
1325,1.2
1326,0.6
1327,0.0
1328,1.2
1329,0.75
1330,0.0
1331,0.0
1332,1.2
1333,0.75
1334,0.6
1335,0.75
1336,0.75
1337,0.6
1338,0.6
1339,0.0
1340,0.0
1341,0.0
1342,1.2
1343,0.0
1344,1.2
1345,0.6
1346,0.75
1347,0.6
1348,0.6
1349,0.6
1350,0.75
1351,0.6
1352,0.75
1353,0.0
1354,1.2
1355,0.0
1356,1.2
1357,0.6
1358,0.75
1359,0.6
1360,0.0
1361,1.2
1362,0.75
1363,1.2
1364,0.75
1365,0.75
1366,1.2
1367,0.75
1368,1.2
1369,0.75
1370,0.75
1371,0.75
1372,1.2
1373,0.0
1374,0.0
1375,0.75
1376,0.0
1377,0.6
1378,0.0
1379,1.2
1380,1.2
1381,1.2
1382,0.0
1383,1.2
1384,0.75
1385,0.75
1386,1.2
1387,0.0
1388,0.0
1389,0.0
1390,0.6
1391,0.75
1392,0.0
1393,0.0
1394,1.2
1395,0.6
1396,0.75
1397,0.75
1398,1.2
1399,1.0
1400,0.0
1401,0.0
1402,0.6
1403,0.6
1404,0.75
1405,1.2
1406,0.0
1407,0.75
1408,1.2
1409,0.6
1410,0.75
1411,0.75
1412,0.75
1413,0.0
1414,0.6
1415,1.5
1416,0.6
1417,0.75
1418,0.0
1419,1.2
1420,0.6
1421,0.75
1422,0.75
1423,0.0
1424,0.0
1425,1.2
1426,0.75
1427,0.75
1428,0.6
1429,0.75
1430,0.0
1431,1.2
1432,0.75
1433,0.75
1434,0.75
1435,0.0
1436,0.6
1437,0.0
1438,1.2
1439,0.0
1440,0.75
1441,0.75
1442,0.75
1443,0.0
1444,0.0
1445,0.0
1446,1.2
1447,1.2
1448,0.75
1449,0.6
1450,1.5
1451,1.5
1452,0.0
1453,0.75
1454,0.0
1455,0.75
1456,0.75
1457,0.0
1458,0.75
1459,0.75
1460,1.2
1461,0.0
1462,0.0
1463,0.0
1464,1.2
1465,1.5
1466,0.6
1467,0.0
1468,0.6
1469,0.6
1470,0.75
1471,0.75
1472,1.2
1473,0.75
1474,0.75
1475,1.2
1476,0.6
1477,0.75
1478,1.5
1479,0.75
1480,1.2
1481,0.75
1482,0.6
1483,0.0
1484,0.6
1485,0.0
1486,1.2
1487,0.75
1488,1.5
1489,1.2
1490,1.2
1491,1.0
1492,0.6
1493,0.0
1494,0.75
1495,0.75
1496,0.75
1497,1.2
1498,1.2
1499,0.0
1500,1.2
1501,0.6
1502,0.6
1503,0.75
1504,1.2
1505,0.75
1506,0.75
1507,0.6
1508,0.0
1509,1.2
1510,1.2
1511,0.0
1512,0.0
1513,0.75
1514,0.0
1515,0.75
1516,0.6
1517,0.75
1518,0.75
1519,0.75
1520,1.2
1521,0.75
1522,1.2
1523,0.75
1524,1.2
1525,0.0
1526,0.0
1527,1.2
1528,1.2
1529,0.6
1530,1.2
1531,0.0
1532,0.0
1533,0.0
1534,1.2
1535,0.6
1536,1.2
1537,0.75
1538,0.75
1539,1.2
1540,0.75
1541,0.0
1542,0.75
1543,0.75
1544,1.8
1545,0.0
1546,0.0
1547,0.75
1548,1.2
1549,0.0
1550,1.5
1551,0.0
1552,1.8
1553,0.75
1554,1.2
1555,0.75
1556,0.0
1557,0.0
1558,1.2
1559,0.0
1560,1.2
1561,0.75
1562,1.5
1563,1.2
1564,0.0
1565,1.2
1566,0.75
1567,1.5
1568,1.2
1569,0.75
1570,0.75
1571,0.6
1572,0.6
1573,0.6
1574,1.2
1575,0.75
1576,0.6
1577,1.2
1578,0.75
1579,0.75
1580,0.75
1581,1.2
1582,0.0
1583,0.6
1584,0.6
1585,0.75
1586,0.0
1587,0.0
1588,1.2
1589,0.6
1590,0.0
1591,1.2
1592,0.6
1593,0.0
1594,0.0
1595,0.0
1596,0.0
1597,0.75
1598,1.2
1599,0.6
1600,0.75
1601,0.75
1602,0.75
1603,0.75
1604,0.6
1605,0.0
1606,0.75
1607,1.8
1608,0.6
1609,0.0
1610,1.2
1611,0.75
1612,0.0
1613,0.6
1614,1.5
1615,0.0
1616,0.75
1617,1.2
1618,1.2
1619,0.75
1620,0.6
1621,1.5
1622,0.0
1623,1.2
1624,1.5
1625,1.8
1626,1.2
1627,1.2
1628,0.0
1629,0.75
1630,1.2
1631,0.75
1632,1.2
1633,0.75
1634,1.5
1635,0.75
1636,1.2
1637,0.75
1638,0.75
1639,0.0
1640,0.75
1641,0.75
1642,0.6
1643,0.75
1644,0.0
1645,1.2
1646,1.5
1647,0.0
1648,0.75
1649,0.75
1650,0.6
1651,0.75
1652,0.75
1653,0.0
1654,1.2
1655,1.2
1656,0.75
1657,0.6
1658,0.6
1659,0.0
1660,1.2
1661,0.6
1662,0.6
1663,0.0
1664,1.5
1665,0.0
1666,0.6
1667,0.0
1668,0.0
1669,0.0
1670,1.2
1671,1.2
1672,0.6
1673,0.0
1674,0.75
1675,0.75
1676,0.75
1677,1.5
1678,0.6
1679,0.6
1680,1.2
1681,0.75
1682,0.0
1683,0.6
1684,1.2
1685,1.2
1686,0.0
1687,0.75
1688,0.0
1689,1.2
1690,0.0
1691,0.75
1692,0.0
1693,1.2
1694,0.75
1695,1.2
1696,0.0
1697,0.6
1698,0.0
1699,1.8
1700,1.2
1701,1.2
1702,0.6
1703,0.0
1704,1.2
1705,0.0
1706,1.2
1707,1.5
1708,0.75
1709,0.6
1710,0.75
1711,0.6
1712,0.0
1713,0.75
1714,0.0
1715,0.0
1716,0.75
1717,1.2
1718,0.75
1719,1.2
1720,1.2
1721,0.0
1722,1.2
1723,0.6
1724,0.75
1725,1.2
1726,0.75
1727,0.75
1728,1.2
1729,0.0
1730,0.6
1731,0.0
1732,1.8
1733,0.75
1734,0.75
1735,0.75
1736,0.0
1737,1.2
1738,1.2
1739,1.2
1740,0.6
1741,0.75
1742,0.0
1743,1.2
1744,0.0
1745,0.75
1746,0.0
1747,1.2
1748,0.6
1749,0.75
1750,1.2
1751,0.0
1752,0.0
1753,1.2
1754,0.75
1755,0.0
1756,0.0
1757,0.0
1758,0.75
1759,0.75
1760,0.75
1761,1.8
1762,0.6
1763,1.2
1764,1.2
1765,0.6
1766,1.2
1767,0.0
1768,0.0
1769,1.2
1770,0.6
1771,1.2
1772,0.75
1773,1.2
1774,1.2
1775,0.0
1776,0.6
1777,0.75
1778,1.2
1779,1.2
1780,1.5
1781,0.6
1782,0.75
1783,1.5
1784,0.0
1785,0.0
1786,0.75
1787,0.75
1788,0.6
1789,0.6
1790,1.2
1791,0.75
1792,0.75
1793,0.6
1794,0.6
1795,1.2
1796,1.2
1797,1.2
1798,0.0
1799,0.75
1800,0.75
1801,0.6
1802,1.2
1803,0.0
1804,0.75
1805,1.2
1806,0.6
1807,0.6
1808,0.6
1809,1.8
1810,0.6
1811,0.6
1812,0.6
1813,0.6
1814,1.2
1815,0.0
1816,1.2
1817,1.2
1818,1.8
1819,1.2
1820,1.2
1821,0.75
1822,0.0
1823,1.8
1824,0.75
1825,0.75
1826,0.75
1827,0.75
1828,0.6
1829,0.0
1830,0.75
1831,1.5
1832,1.2
1833,0.75
1834,0.75
1835,1.2
1836,1.5
1837,1.2
1838,0.75
1839,1.2
1840,0.75
1841,1.5
1842,0.75
1843,0.0
1844,1.2
1845,1.2
1846,0.0
1847,0.75
1848,0.75
1849,0.0
1850,0.6
1851,1.2
1852,1.2
1853,0.75
1854,0.75
1855,0.0
1856,0.75
1857,0.75
1858,0.75
1859,0.75
1860,0.0
1861,0.6
1862,1.5
1863,1.2
1864,0.0
1865,0.6
1866,0.0
1867,1.2
1868,1.2
1869,1.2
1870,1.5
1871,0.0
1872,0.75
1873,0.75
1874,1.2
1875,1.2
1876,1.2
1877,1.2
1878,0.6
1879,0.0
1880,0.75
1881,1.8
1882,0.0
1883,0.75
1884,0.0
1885,1.5
1886,1.2
1887,0.0
1888,0.0
1889,0.75
1890,1.2
1891,1.2
1892,0.6
1893,0.6
1894,1.5
1895,0.6
1896,1.2
1897,0.75
1898,1.2
1899,0.75
1900,0.75
1901,1.2
1902,0.0
1903,0.75
1904,0.75
1905,0.75
1906,0.6
1907,0.6
1908,1.2
1909,0.75
1910,0.75
1911,0.75
1912,1.8
1913,0.75
1914,1.2
1915,2.0
1916,0.0
1917,1.2
1918,1.2
1919,1.2
1920,0.75
1921,0.0
1922,1.2
1923,1.2
1924,1.2
1925,1.2
1926,0.0
1927,0.0
1928,0.0
1929,1.0
1930,0.75
1931,0.6
1932,0.75
1933,1.8
1934,0.75
1935,0.0
1936,0.0
1937,0.0
1938,1.2
1939,1.2
1940,0.0
1941,1.8
1942,0.75
1943,1.2
1944,0.0
1945,0.75
1946,1.2
1947,0.75
1948,1.5
1949,1.2
1950,1.2
1951,0.6
1952,0.0
1953,0.6
1954,1.2
1955,0.6
1956,0.0
1957,0.75
1958,0.6
1959,1.0
1960,0.0
1961,0.75
1962,1.0
1963,0.75
1964,0.0
1965,0.75
1966,0.6
1967,0.0
1968,0.0
1969,0.6
1970,0.75
1971,0.6
1972,0.75
1973,0.6
1974,0.75
1975,1.2
1976,1.2
1977,0.0
1978,0.6
1979,0.75
1980,1.2
1981,1.2
1982,0.75
1983,0.0
1984,1.8
1985,0.0
1986,1.2
1987,1.2
1988,0.0
1989,1.2
1990,0.75
1991,0.75
1992,0.6
1993,0.75
1994,0.0
1995,0.75
1996,0.75
1997,1.5
1998,0.0
1999,0.6
2000,0.75
2001,1.2
2002,1.2
2003,0.0
2004,1.2
2005,0.75
2006,0.75
2007,1.2
2008,0.75
2009,1.2
2010,0.0
2011,1.2
2012,0.6
2013,0.75
2014,0.6
2015,0.75
2016,0.6
2017,1.2
2018,1.2
2019,0.6
2020,0.75
2021,1.2
2022,1.2
2023,0.0
2024,1.5
2025,0.75
2026,0.75
2027,0.75
2028,0.6
2029,1.2
2030,0.75
2031,0.75
2032,0.0
2033,0.6
2034,0.75
2035,0.75
2036,0.6
2037,1.2
2038,0.6
2039,0.0
2040,0.0
2041,0.6
2042,1.0
2043,0.75
2044,1.2
2045,0.75
2046,1.5
2047,1.2
2048,0.0
2049,0.6
2050,0.75
2051,1.5
2052,1.2
2053,1.2
2054,0.75
2055,0.6
2056,0.0
2057,0.6
2058,0.0
2059,0.0
2060,0.0
2061,1.5
2062,0.0
2063,1.5
2064,0.75
2065,0.75
2066,0.75
2067,0.6
2068,0.6
2069,0.6
2070,0.0
2071,0.75
2072,1.8
2073,1.2
2074,0.75
2075,0.75
2076,0.6
2077,1.2
2078,1.2
2079,0.75
2080,0.75
2081,0.75
2082,0.0
2083,1.2
2084,0.75
2085,0.75
2086,0.75
2087,0.75
2088,0.75
2089,1.2
2090,0.6
2091,1.2
2092,1.2
2093,1.2
2094,0.6
2095,1.5
2096,0.75
2097,0.0
2098,0.0
2099,1.2
2100,1.5
2101,1.2
2102,1.2
2103,0.75
2104,1.2
2105,0.0
2106,0.0
2107,1.2
2108,1.2
2109,0.0
2110,0.75
2111,0.75
2112,0.75
2113,1.2
2114,0.0
2115,0.6
2116,0.0
2117,0.75
2118,0.0
2119,0.6
2120,0.6
2121,1.2
2122,0.0
2123,0.75
2124,0.75
2125,1.2
2126,0.6
2127,1.2
2128,0.6
2129,0.75
2130,1.2
2131,0.75
2132,0.75
2133,1.2
2134,0.75
2135,0.75
2136,0.0
2137,0.0
2138,1.2
2139,0.0
2140,0.75
2141,0.75
2142,1.2
2143,0.0
2144,0.0
2145,0.75
2146,0.75
2147,0.75
2148,0.75
2149,1.2
2150,1.0
2151,0.0
2152,0.6
2153,1.5
2154,0.0
2155,0.0
2156,0.75
2157,0.6
2158,0.75
2159,1.2
2160,0.6
2161,1.5
2162,1.2
2163,1.2
2164,1.2
2165,1.2
2166,0.0
2167,0.75
2168,0.75
2169,0.75
2170,0.0
2171,0.0
2172,1.2
2173,1.2
2174,0.0
2175,1.8
2176,0.6
2177,0.6
2178,0.0
2179,1.2
2180,0.75
2181,0.75
2182,0.0
2183,1.2
2184,0.75
2185,0.0
2186,1.2
2187,0.0
2188,0.0
2189,1.0
2190,1.2
2191,1.2
2192,0.6
2193,1.5
2194,0.6
2195,1.2
2196,1.2
2197,0.0
2198,1.5
2199,0.75
2200,1.2
2201,0.75
2202,0.75
2203,0.75
2204,0.0
2205,0.75
2206,0.0
2207,0.6
2208,0.0
2209,0.6
2210,0.0
2211,1.2
2212,1.5
2213,0.75
2214,0.6
2215,0.75
2216,0.75
2217,0.0
2218,1.2
2219,0.6
2220,1.2
2221,1.2
2222,1.2
2223,1.2
2224,1.5
2225,0.6
2226,0.75
2227,1.2
2228,0.6
2229,0.75
2230,0.0
2231,1.2
2232,1.2
2233,0.75
2234,0.0
2235,1.2
2236,1.2
2237,0.75
2238,1.2
2239,1.8
2240,0.0
2241,1.2
2242,1.2
2243,0.75
2244,0.75
2245,1.2
2246,0.0
2247,1.2
2248,0.6
2249,1.2
2250,0.75
2251,0.75
2252,0.0
2253,0.6
2254,0.0
2255,1.2
2256,0.6
2257,0.0
2258,0.6
2259,0.75
2260,1.2
2261,0.6
2262,0.75
2263,0.75
2264,0.6
2265,0.0
2266,1.2
2267,0.0
2268,0.75
2269,0.75
2270,0.6
2271,0.75
2272,1.8
2273,1.2
2274,0.0
2275,1.5
2276,0.0
2277,0.75
2278,1.2
2279,0.0
2280,0.75
2281,0.75
2282,1.2
2283,0.0
2284,1.2
2285,0.75
2286,0.0
2287,1.2
2288,1.2
2289,0.0
2290,0.6
2291,0.6
2292,0.75
2293,0.75
2294,1.2
2295,0.0
2296,0.0
2297,0.0
2298,0.75
2299,0.75
2300,0.75
2301,1.2
2302,1.2
2303,0.75
2304,1.2
2305,0.75
2306,1.2
2307,0.6
2308,0.6
2309,0.6
2310,0.0
2311,0.0
2312,0.75
2313,0.0
2314,0.75
2315,1.2
2316,0.0
2317,0.75
2318,1.2
2319,0.0
2320,0.6
2321,0.75
2322,1.2
2323,0.75
2324,1.2
2325,0.0
2326,1.2
2327,0.75
2328,0.6
2329,0.75
2330,0.0
2331,0.75
2332,0.6
2333,1.2
2334,1.2
2335,1.5
2336,0.75
2337,0.6
2338,0.75
2339,1.2
2340,1.2
2341,1.2
2342,0.75
2343,0.75
2344,0.0
2345,1.2
2346,1.2
2347,0.6
2348,0.0
2349,0.75
2350,0.0
2351,0.75
2352,0.75
2353,1.2
2354,0.75
2355,0.0
2356,1.2
2357,0.0
2358,1.2
2359,0.6
2360,0.75
2361,0.6
2362,0.0
2363,0.0
2364,0.0
2365,0.75
2366,1.2
2367,0.75
2368,1.5
2369,0.75
2370,0.75
2371,0.75
2372,1.2
2373,1.2
2374,1.2
2375,0.75
2376,0.6
2377,0.75
2378,0.6
2379,1.2
2380,0.0
2381,0.75
2382,0.6
2383,0.75
2384,0.0
2385,0.75
2386,0.75
2387,1.2
2388,1.2
2389,0.6
2390,1.2
2391,0.75
2392,0.75
2393,0.0
2394,1.2
2395,0.0
2396,1.2
2397,1.2
2398,0.75
2399,0.6
2400,1.2
2401,0.0
2402,0.0
2403,0.75
2404,0.75
2405,1.2
2406,0.75
2407,1.2
2408,0.6
2409,1.2
2410,1.2
2411,1.2
2412,0.6
2413,0.6
2414,0.6
2415,0.75
2416,1.2
2417,0.6
2418,1.2
2419,0.75
2420,1.2
2421,1.2
2422,1.8
2423,1.2
2424,1.2
2425,0.75
2426,0.0
2427,0.0
2428,1.2
2429,0.75
2430,0.75
2431,0.75
2432,0.75
2433,0.75
2434,0.6
2435,0.0
2436,0.75
2437,0.75
2438,0.0
2439,0.0
2440,0.0
2441,1.2
2442,0.75
2443,0.0
2444,0.75
2445,0.75
2446,1.2
2447,1.2
2448,1.2
2449,0.75
2450,0.0
2451,0.6
2452,0.0
2453,0.75
2454,0.6
2455,0.75
2456,0.6
2457,0.75
2458,1.8
2459,1.2
2460,0.6
2461,1.2
2462,0.6
2463,0.75
2464,0.75
2465,0.75
2466,0.6
2467,0.6
2468,0.0
2469,0.0
2470,1.2
2471,0.75
2472,0.75
2473,0.75
2474,0.75
2475,0.6
2476,0.75
2477,1.2
2478,0.6
2479,1.2
2480,1.2
2481,1.5
2482,0.75
2483,0.0
2484,1.2
2485,0.75
2486,1.2
2487,1.2
2488,1.2
2489,0.0
2490,0.6
2491,0.6
2492,1.0
2493,1.2
2494,1.0
2495,0.0
2496,1.2
2497,0.0
2498,1.2
2499,0.75
2500,0.75
2501,1.2
2502,0.0
2503,0.6
2504,1.2
2505,0.75
2506,0.0
2507,0.6
2508,0.6
2509,1.2
2510,0.6
2511,0.75
2512,0.75
2513,0.75
2514,0.75
2515,0.0
2516,0.75
2517,0.0
2518,1.2
2519,0.0
2520,0.0
2521,0.0
2522,1.2
2523,1.0
2524,0.6
2525,0.75
2526,1.2
2527,0.0
2528,0.6
2529,1.2
2530,0.6
2531,0.75
2532,0.75
2533,0.6
2534,0.6
2535,0.75
2536,0.6
2537,1.8
2538,0.75
2539,0.75
2540,0.75
2541,0.0
2542,1.2
2543,0.6
2544,1.2
2545,0.6
2546,1.2
2547,1.5
2548,0.75
2549,0.0
2550,0.6
2551,0.75
2552,1.2
2553,1.2
2554,1.2
2555,0.0
2556,0.75
2557,0.6
2558,0.6
2559,0.0
2560,0.75
2561,0.75
2562,0.0
2563,0.6
2564,0.0
2565,0.0
2566,0.6
2567,1.2
2568,0.0
2569,0.75
2570,0.6
2571,0.75
2572,0.0
2573,1.5
2574,0.0
2575,0.6
2576,0.0
2577,0.0
2578,0.6
2579,0.0
2580,0.75
2581,0.75
2582,1.0
2583,0.75
2584,0.0
2585,0.0
2586,0.6
2587,0.75
2588,0.0
2589,0.6
2590,0.0
2591,1.5
2592,1.2
2593,1.2
2594,0.75
2595,0.0
2596,0.0
2597,0.6
2598,1.5
2599,0.6
2600,1.2
2601,0.75
2602,0.75
2603,1.2
2604,1.2
2605,1.0
2606,1.2
2607,1.2
2608,0.0
2609,1.2
2610,0.6
2611,1.5
2612,0.75
2613,1.2
2614,0.0
2615,1.8
2616,0.75
2617,1.2
2618,1.2
2619,0.6
2620,1.2
2621,0.75
2622,1.2
2623,0.75
2624,1.2
2625,1.2
2626,0.6
2627,0.75
2628,0.75
2629,1.8
2630,0.75
2631,0.75
2632,0.75
2633,0.0
2634,0.75
2635,0.75
2636,0.0
2637,0.75
2638,0.75
2639,0.6
2640,1.2
2641,0.0
2642,0.0
2643,0.6
2644,0.6
2645,1.5
2646,1.2
2647,0.0
2648,0.6
2649,0.0
2650,0.6
2651,1.2
2652,0.0
2653,0.0
2654,0.75
2655,0.0
2656,1.8
2657,0.0
2658,0.6
2659,0.0
2660,0.75
2661,0.6
2662,0.75
2663,0.6
2664,0.75
2665,0.75
2666,0.0
2667,1.2
2668,0.0
2669,1.2
2670,0.75
2671,0.0
2672,0.6
2673,0.75
2674,0.0
2675,0.75
2676,0.75
2677,0.0
2678,1.8
2679,1.5
2680,0.6
2681,1.5
2682,0.75
2683,1.2
2684,0.0
2685,0.75
2686,0.6
2687,0.75
2688,0.75
2689,0.75
2690,0.75
2691,0.75
2692,0.75
2693,0.0
2694,0.0
2695,0.75
2696,0.75
2697,0.75
2698,0.0
2699,1.2
2700,0.6
2701,0.75
2702,1.2
2703,0.75
2704,1.8
2705,0.75
2706,0.75
2707,1.2
2708,1.2
2709,1.2
2710,1.2
2711,0.6
2712,1.0
2713,0.6
2714,1.2
2715,1.2
2716,1.2
2717,1.2
2718,0.0
2719,0.75
2720,0.0
2721,0.75
2722,1.2
2723,0.0
2724,0.0
2725,0.6
2726,0.75
2727,1.5
2728,1.2
2729,0.0
2730,0.75
2731,1.2
2732,0.75
2733,0.0
2734,0.75
2735,0.0
2736,1.2
2737,1.2
2738,1.2
2739,0.75
2740,0.0
2741,0.75
2742,1.2
2743,1.2
2744,0.6
2745,0.75
2746,0.0
2747,0.6
2748,0.0
2749,0.75
2750,0.6
2751,0.75
2752,0.75
2753,0.0
2754,1.2
2755,0.6
2756,0.0
2757,0.75
2758,1.8
2759,0.75
2760,1.8
2761,0.75
2762,0.6
2763,0.75
2764,0.75
2765,0.6
2766,1.2
2767,0.6
2768,0.6
2769,0.0
2770,1.2
2771,0.75
2772,0.75
2773,0.6
2774,0.75
2775,1.5
2776,0.6
2777,1.2
2778,0.6
2779,0.0
2780,1.2
2781,1.5
2782,0.75
2783,0.0
2784,1.8
2785,1.2
2786,1.2
2787,0.75
2788,1.2
2789,0.75
2790,0.75
2791,1.2
2792,0.6
2793,0.75
2794,0.75
2795,1.2
2796,1.2
2797,1.2
2798,0.6
2799,0.75
2800,0.6
2801,0.75
2802,1.8
2803,0.0
2804,0.6
2805,0.75
2806,0.6
2807,0.0
2808,1.2
2809,1.2
2810,0.6
2811,1.5
2812,0.6
2813,0.75
2814,1.2
2815,0.75
2816,0.75
2817,0.0
2818,0.75
2819,1.2
2820,0.6
2821,0.75
2822,0.0
2823,1.2
2824,0.0
2825,0.75
2826,0.75
2827,1.2
2828,0.0
2829,0.0
2830,0.75
2831,0.75
2832,1.2
2833,1.2
2834,0.6
2835,1.2
2836,1.2
2837,0.75
2838,1.2
2839,0.75
2840,1.2
2841,0.75
2842,0.75
2843,0.0
2844,0.6
2845,0.75
2846,0.75
2847,0.0
2848,1.2
2849,1.2
2850,0.0
2851,1.2
2852,0.0
2853,0.0
2854,1.5
2855,1.2
2856,0.0
2857,0.75
2858,0.75
2859,0.0
2860,0.75
2861,1.2
2862,1.2
2863,1.2
2864,0.0
2865,0.75
2866,0.0
2867,0.6
2868,0.0
2869,1.2
2870,1.2
2871,1.2
2872,0.6
2873,1.2
2874,1.2
2875,0.6
2876,1.2
2877,0.0
2878,1.5
2879,0.6
2880,0.0
2881,0.6
2882,0.6
2883,0.6
2884,0.75
2885,0.75
2886,1.2
2887,0.0
2888,0.75
2889,0.6
2890,0.6
2891,1.2
2892,1.2
2893,1.2
2894,0.75
2895,0.75
2896,0.75
2897,0.75
2898,1.2
2899,0.75
2900,0.75
2901,0.75
2902,1.2
2903,0.75
2904,0.0
2905,1.2
2906,0.0
2907,1.2
2908,1.2
2909,1.2
2910,0.6
2911,0.75
2912,1.8
2913,1.2
2914,0.0
2915,0.75
2916,1.2
2917,0.0
2918,0.75
2919,0.0
2920,0.75
2921,0.6
2922,1.2
2923,1.2
2924,0.75
2925,0.6
2926,0.75
2927,0.6
2928,0.0
2929,0.6
2930,1.2
2931,0.6
2932,0.75
2933,0.75
2934,1.2
2935,0.75
2936,0.75
2937,0.75
2938,0.0
2939,0.6
2940,1.2
2941,0.75
2942,1.2
2943,0.0
2944,0.0
2945,1.2
2946,0.75
2947,0.75
2948,1.2
2949,1.2
2950,1.0
2951,1.2
2952,1.2
2953,0.6
2954,0.6
2955,0.75
2956,0.75
2957,1.2
2958,0.6
2959,0.75
2960,0.75
2961,1.5
2962,0.6
2963,1.2
2964,0.75
2965,0.0
2966,1.2
2967,0.75
2968,0.75
2969,0.75
2970,1.2
2971,0.75
2972,0.0
2973,0.75
2974,1.2
2975,0.0
2976,1.2
2977,0.6
2978,1.2
2979,0.0
2980,0.75
2981,0.75
2982,0.0
2983,1.2
2984,0.0
2985,0.6
2986,1.2
2987,0.6
2988,1.2
2989,0.0
2990,0.0
2991,1.2
2992,1.2
2993,1.2
2994,1.2
2995,0.75
2996,0.6
2997,1.8
2998,1.2
2999,1.2
3000,1.2
3001,0.0
3002,0.0
3003,0.0
3004,1.2
3005,0.0
3006,0.6
3007,1.0
3008,1.2
3009,0.0
3010,0.6
3011,0.75
3012,1.8
3013,0.75
3014,1.2
3015,0.75
3016,0.6
3017,0.6
3018,1.2
3019,1.2
3020,0.0
3021,0.0
3022,0.75
3023,1.2
3024,0.75
3025,1.8
3026,0.6
3027,1.2
3028,0.75
3029,0.75
3030,1.2
3031,1.2
3032,1.8
3033,0.0
3034,0.6
3035,1.8
3036,0.0
3037,0.6
3038,1.2
3039,0.75
3040,0.75
3041,1.2
3042,0.0
3043,1.2
3044,0.6
3045,0.75
3046,0.75
3047,0.0
3048,0.75
3049,0.0
3050,1.5
3051,0.75
3052,0.75
3053,0.0
3054,0.75
3055,0.0
3056,1.2
3057,1.2
3058,0.6
3059,0.6
3060,1.5
3061,0.75
3062,1.2
3063,0.75
3064,1.2
3065,0.6
3066,0.0
3067,0.0
3068,0.6
3069,1.2
3070,1.2
3071,1.2
3072,1.5
3073,1.5
3074,0.0
3075,1.2
3076,1.2
3077,1.8
3078,1.2
3079,0.6
3080,0.75
3081,1.2
3082,0.6
3083,1.5
3084,1.2
3085,0.0
3086,0.6
3087,1.5
3088,0.0
3089,0.75
3090,0.0
3091,0.0
3092,0.75
3093,1.2
3094,0.6
3095,0.75
3096,0.75
3097,0.6
3098,1.5
3099,1.2
3100,0.0
3101,1.2
3102,0.0
3103,0.0
3104,0.0
3105,0.75
3106,1.5
3107,1.2
3108,0.6
3109,1.2
3110,0.0
3111,0.0
3112,0.75
3113,0.6
3114,1.2
3115,1.5
3116,1.0
3117,1.2
3118,0.6
3119,0.6
3120,1.2
3121,0.0
3122,0.0
3123,1.2
3124,0.75
3125,0.0
3126,1.2
3127,0.6
3128,1.8
3129,0.6
3130,0.75
3131,0.0
3132,0.75
3133,1.2
3134,0.75
3135,0.0
3136,0.0
3137,0.75
3138,0.6
3139,0.0
3140,0.75
3141,0.75
3142,1.2
3143,1.2
3144,0.0
3145,0.6
3146,0.6
3147,1.2
3148,1.5
3149,1.2
3150,1.2
3151,0.6
3152,0.75
3153,0.0
3154,1.2
3155,1.2
3156,1.2
3157,0.75
3158,0.75
3159,0.75
3160,0.75
3161,1.2
3162,1.5
3163,0.75
3164,0.75
3165,0.0
3166,1.2
3167,0.0
3168,0.0
3169,0.6
3170,1.2
3171,0.6
3172,0.75
3173,0.6
3174,1.2
3175,1.2
3176,0.0
3177,1.2
3178,0.0
3179,0.75
3180,0.0
3181,0.0
3182,0.75
3183,0.75
3184,0.75
3185,1.2
3186,0.6
3187,0.0
3188,1.2
3189,1.2
3190,0.0
3191,1.2
3192,0.75
3193,0.6
3194,1.2
3195,1.2
3196,0.0
3197,0.0
3198,0.0
3199,1.2
3200,1.2
3201,0.0
3202,0.6
3203,1.2
3204,0.6
3205,0.75
3206,0.0
3207,0.0
3208,1.2
3209,1.2
3210,0.75
3211,0.0
3212,1.2
3213,0.0
3214,1.2
3215,0.6
3216,1.5
3217,1.2
3218,0.75
3219,1.2
3220,1.2
3221,1.2
3222,1.2
3223,0.75
3224,0.0
3225,0.75
3226,0.6
3227,0.75
3228,0.75
3229,1.2
3230,0.75
3231,0.6
3232,1.2
3233,1.2
3234,0.0
3235,0.75
3236,0.75
3237,0.75
3238,1.2
3239,0.0
3240,0.75
3241,0.75
3242,0.75
3243,0.6
3244,0.6
3245,0.0
3246,0.75
3247,0.6
3248,0.75
3249,0.0
3250,1.8
3251,0.0
3252,0.75
3253,0.75
3254,0.75
3255,0.75
3256,0.75
3257,1.2
3258,0.0
3259,0.6
3260,0.6
3261,0.6
3262,0.75
3263,1.2
3264,0.6
3265,1.2
3266,1.2
3267,1.8
3268,1.2
3269,0.75
3270,0.0
3271,0.75
3272,1.2
3273,1.2
3274,1.2
3275,1.5
3276,1.2
3277,0.75
3278,0.0
3279,0.0
3280,0.6
3281,0.6
3282,1.5
3283,1.2
3284,0.75
3285,0.75
3286,0.75
3287,0.6
3288,0.6
3289,0.0
3290,0.0
3291,0.0
3292,0.6
3293,0.0
3294,1.2
3295,0.75
3296,0.75
3297,0.75
3298,0.0
3299,0.75
3300,0.75
3301,0.0
3302,0.0
3303,1.2
3304,0.75
3305,0.75
3306,1.2
3307,0.75
3308,0.6
3309,1.2
3310,1.2
3311,0.0
3312,0.0
3313,1.5
3314,1.2
3315,0.75
3316,0.6
3317,1.2
3318,0.6
3319,0.0
3320,0.0
3321,0.75
3322,0.6
3323,0.6
3324,1.2
3325,0.75
3326,0.0
3327,0.6
3328,1.2
3329,0.0
3330,1.2
3331,0.0
3332,0.6
3333,0.75
3334,0.75
3335,1.2
3336,0.75
3337,0.0
3338,0.75
3339,0.75
3340,1.8
3341,0.6
3342,0.6
3343,0.0
3344,0.0
3345,0.75
3346,0.6
3347,0.6
3348,0.6
3349,0.0
3350,0.75
3351,1.5
3352,0.0
3353,1.2
3354,0.75
3355,0.75
3356,0.0
3357,0.0
3358,0.75
3359,1.8
3360,0.75
3361,0.6
3362,0.75
3363,0.75
3364,0.75
3365,1.2
3366,1.2
3367,0.0
3368,0.0
3369,1.2
3370,0.0
3371,0.75
3372,0.6
3373,0.75
3374,0.75
3375,1.2
3376,0.75
3377,0.0
3378,0.0
3379,0.75
3380,0.75
3381,1.0
3382,1.2
3383,0.0
3384,0.0
3385,0.0
3386,0.75
3387,0.75
3388,1.2
3389,1.2
3390,1.2
3391,0.75
3392,0.75
3393,1.2
3394,0.0
3395,1.2
3396,0.75
3397,1.2
3398,0.0
3399,0.75
3400,1.8
3401,0.6
3402,1.2
3403,0.6
3404,0.0
3405,1.2
3406,0.6
3407,0.0
3408,1.2
3409,1.2
3410,1.2
3411,1.2
3412,0.6
3413,0.6
3414,0.6
3415,1.8
3416,0.75
3417,1.2
3418,0.75
3419,0.75
3420,1.2
3421,0.0
3422,0.6
3423,0.0
3424,0.75
3425,0.6
3426,0.6
3427,0.75
3428,0.75
3429,1.2
3430,1.2
3431,0.75
3432,0.0
3433,1.5
3434,1.2
3435,0.75
3436,0.75
3437,0.75
3438,0.6
3439,1.2
3440,1.2
3441,0.6
3442,0.0
3443,1.2
3444,0.6
3445,0.0
3446,0.75
3447,0.75
3448,0.0
3449,0.0
3450,0.6
3451,1.0
3452,0.75
3453,0.0
3454,1.5
3455,1.2
3456,0.0
3457,1.0
3458,1.8
3459,1.2
3460,0.75
3461,0.75
3462,1.2
3463,0.75
3464,0.75
3465,0.0
3466,1.2
3467,1.2
3468,1.2
3469,1.5
3470,0.6
3471,1.2
3472,1.2
3473,0.6
3474,0.0
3475,1.8
3476,1.5
3477,0.0
3478,0.75
3479,0.75
3480,1.2
3481,1.5
3482,0.75
3483,1.2
3484,0.75
3485,0.6
3486,0.75
3487,0.75
3488,0.0
3489,0.0
3490,1.5
3491,1.2
3492,1.2
3493,1.2
3494,1.2
3495,1.2
3496,0.75
3497,0.6
3498,0.75
3499,0.75
3500,0.6
3501,0.75
3502,0.75
3503,0.0
3504,0.75
3505,0.75
3506,0.6
3507,0.75
3508,1.2
3509,0.0
3510,0.6
3511,1.2
3512,0.0
3513,0.0
3514,0.0
3515,0.75
3516,0.6
3517,0.6
3518,0.6
3519,1.2
3520,0.0
3521,0.75
3522,0.6
3523,0.0
3524,0.75
3525,0.6
3526,1.2
3527,0.75
3528,0.6
3529,0.75
3530,0.0
3531,0.75
3532,1.8
3533,0.75
3534,0.75
3535,0.75
3536,0.0
3537,0.75
3538,1.2
3539,0.0
3540,0.0
3541,1.2
3542,0.75
3543,1.5
3544,0.75
3545,0.0
3546,1.2
3547,0.6
3548,0.6
3549,0.6
3550,0.75
3551,1.5
3552,1.2
3553,0.0
3554,0.0
3555,0.75
3556,0.6
3557,0.75
3558,1.2
3559,0.0
3560,0.6
3561,1.2
3562,0.6
3563,0.6
3564,0.0
3565,0.0
3566,0.6
3567,0.0
3568,0.75
3569,1.2
3570,0.6
3571,0.6
3572,0.0
3573,0.75
3574,0.75
3575,1.2
3576,1.2
3577,1.2
3578,0.6
3579,0.0
3580,0.0
3581,0.75
3582,0.75
3583,1.5
3584,0.6
3585,0.0
3586,1.2
3587,0.75
3588,0.6
3589,1.2
3590,0.75
3591,0.0
3592,0.75
3593,1.2
3594,0.75
3595,0.75
3596,0.75
3597,0.0
3598,1.2
3599,0.0
3600,0.75
3601,0.0
3602,0.75
3603,0.0
3604,0.0
3605,0.0
3606,0.6
3607,1.2
3608,1.5
3609,0.0
3610,0.6
3611,0.75
3612,0.0
3613,0.6
3614,0.75
3615,0.75
3616,0.5
3617,0.0
3618,0.75
3619,1.2
3620,0.0
3621,0.75
3622,0.75
3623,0.0
3624,1.5
3625,0.6
3626,0.75
3627,0.75
3628,0.75
3629,0.6
3630,0.0
3631,0.0
3632,0.75
3633,0.75
3634,0.0
3635,0.75
3636,0.75
3637,0.0
3638,0.0
3639,1.2
3640,0.6
3641,0.6
3642,0.75
3643,0.0
3644,0.75
3645,0.6
3646,1.5
3647,1.8
3648,0.0
3649,1.2
3650,0.6
3651,1.5
3652,0.75
3653,1.2
3654,0.6
3655,0.75
3656,0.75
3657,0.0
3658,0.0
3659,0.0
3660,0.75
3661,0.75
3662,0.0
3663,0.75
3664,1.2
3665,0.0
3666,1.2
3667,0.0
3668,0.0
3669,0.6
3670,1.2
3671,1.2
3672,0.75
3673,1.2
3674,1.5
3675,0.75
3676,0.75
3677,0.0
3678,0.0
3679,0.6
3680,0.6
3681,0.0
3682,0.0
3683,0.75
3684,1.2
3685,1.2
3686,0.75
3687,0.0
3688,0.6
3689,0.0
3690,1.2
3691,1.2
3692,1.2
3693,1.8
3694,1.2
3695,1.8
3696,0.75
3697,0.0
3698,0.0
3699,0.75
3700,0.75
3701,1.2
3702,0.6
3703,0.0
3704,0.75
3705,0.6
3706,0.75
3707,0.6
3708,0.75
3709,0.6
3710,1.2
3711,0.75
3712,1.5
3713,1.2
3714,0.75
3715,1.2
3716,1.2
3717,1.2
3718,1.2
3719,1.2
3720,0.75
3721,0.0
3722,1.2
3723,0.75
3724,0.0
3725,1.2
3726,0.75
3727,1.2
3728,0.75
3729,1.2
3730,0.0
3731,0.75
3732,0.0
3733,0.75
3734,1.2
3735,1.2
3736,1.2
3737,0.75
3738,1.2
3739,0.75
3740,1.8
3741,0.0
3742,0.0
3743,1.2
3744,0.0
3745,0.75
3746,0.75
3747,0.0
3748,0.0
3749,1.8
3750,0.0
3751,1.2
3752,1.2
3753,0.6
3754,0.0
3755,1.2
3756,0.6
3757,1.5
3758,0.0
3759,0.6
3760,1.2
3761,0.75
3762,0.0
3763,0.6
3764,1.2
3765,1.2
3766,1.2
3767,1.2
3768,0.0
3769,0.75
3770,0.6
3771,0.0
3772,0.6
3773,1.2
3774,0.6
3775,0.0
3776,1.2
3777,0.75
3778,0.75
3779,0.6
3780,0.6
3781,0.6
3782,0.6
3783,0.0
3784,0.75
3785,0.75
3786,0.0
3787,1.2
3788,0.6
3789,0.0
3790,0.0
3791,0.75
3792,1.2
3793,0.75
3794,0.0
3795,0.75
3796,1.2
3797,1.2
3798,1.2
3799,0.75
3800,1.2
3801,0.0
3802,1.2
3803,0.0
3804,1.2
3805,0.0
3806,0.0
3807,1.8
3808,1.2
3809,0.0
3810,0.75
3811,0.75
3812,0.75
3813,1.0
3814,0.75
3815,0.75
3816,0.75
3817,0.6
3818,1.2
3819,1.0
3820,1.2
3821,1.2
3822,0.75
3823,0.0
3824,0.75
3825,1.8
3826,0.0
3827,0.75
3828,0.6
3829,0.75
3830,0.0
3831,0.6
3832,0.75
3833,0.75
3834,0.0
3835,0.6
3836,0.75
3837,1.2
3838,0.75
3839,0.0
3840,0.75
3841,0.6
3842,0.0
3843,0.0
3844,1.2
3845,0.6
3846,1.2
3847,1.2
3848,0.6
3849,1.8
3850,1.8
3851,0.75
3852,0.0
3853,0.0
3854,0.75
3855,0.75
3856,0.0
3857,0.75
3858,0.75
3859,1.2
3860,1.2
3861,0.75
3862,0.6
3863,1.2
3864,1.2
3865,1.2
3866,0.75
3867,1.2
3868,0.0
3869,1.2
3870,0.75
3871,1.2
3872,0.6
3873,0.0
3874,0.75
3875,1.5
3876,0.75
3877,0.6
3878,0.6
3879,1.2
3880,1.5
3881,0.75
3882,1.2
3883,1.5
3884,0.0
3885,0.75
3886,1.2
3887,1.8
3888,0.75
3889,0.0
3890,0.6
3891,1.2
3892,0.75
3893,0.0
3894,1.2
3895,0.6
3896,0.75
3897,0.0
3898,0.0
3899,0.75
3900,0.75
3901,1.2
3902,0.0
3903,0.0
3904,1.5
3905,1.0
3906,0.75
3907,0.75
3908,1.2
3909,1.2
3910,1.2
3911,0.6
3912,0.6
3913,0.0
3914,1.8
3915,0.6
3916,0.6
3917,1.2
3918,1.2
3919,1.2
3920,0.6
3921,0.0
3922,0.6
3923,0.0
3924,0.75
3925,0.75
3926,1.2
3927,1.2
3928,0.75
3929,0.6
3930,1.2
3931,0.75
3932,1.2
3933,0.0
3934,0.0
3935,0.75
3936,1.2
3937,0.75
3938,0.75
3939,0.0
3940,1.2
3941,0.0
3942,0.0
3943,1.2
3944,0.75
3945,1.2
3946,0.0
3947,1.2
3948,1.2
3949,1.2
3950,0.75
3951,0.75
3952,0.0
3953,0.6
3954,0.75
3955,1.2
3956,0.75
3957,0.75
3958,0.75
3959,0.6
3960,0.75
3961,0.6
3962,0.0
3963,0.0
3964,0.6
3965,0.75
3966,0.75
3967,0.75
3968,1.2
3969,1.2
3970,0.6
3971,0.0
3972,0.0
3973,0.0
3974,0.6
3975,0.6
3976,0.75
3977,0.6
3978,0.0
3979,0.0
3980,1.2
3981,0.6
3982,1.2
3983,0.6
3984,0.75
3985,0.75
3986,0.0
3987,1.2
3988,1.2
3989,0.75
3990,0.75
3991,0.0
3992,0.6
3993,1.2
3994,1.0
3995,0.6
3996,1.2
3997,0.0
3998,0.6
3999,0.0
4000,0.6
4001,1.2
4002,1.2
4003,0.75
4004,0.0
4005,1.2
4006,0.0
4007,1.2
4008,0.0
4009,0.75
4010,0.0
4011,0.75
4012,0.75
4013,0.6
4014,1.5
4015,1.5
4016,0.75
4017,0.75
4018,1.2
4019,0.6
4020,0.6
4021,0.0
4022,0.75
4023,0.75
4024,1.2
4025,1.2
4026,1.5
4027,0.6
4028,0.75
4029,1.2
4030,1.2
4031,0.6
4032,0.0
4033,0.75
4034,0.0
4035,0.6
4036,1.2
4037,0.0
4038,0.75
4039,0.0
4040,0.75
4041,0.75
4042,1.2
4043,1.2
4044,0.6
4045,0.75
4046,0.75
4047,1.5
4048,1.2
4049,0.0
4050,1.2
4051,1.2
4052,0.75
4053,0.0
4054,1.8
4055,0.75
4056,0.75
4057,0.0
4058,0.75
4059,0.6
4060,0.75
4061,0.75
4062,0.0
4063,0.6
4064,0.75
4065,1.2
4066,0.75
4067,1.2
4068,1.2
4069,0.0
4070,0.0
4071,0.75
4072,0.0
4073,0.75
4074,0.0
4075,0.0
4076,0.75
4077,0.6
4078,0.75
4079,0.75
4080,1.2
4081,0.6
4082,0.6
4083,1.5
4084,0.0
4085,0.75
4086,0.75
4087,0.0
4088,1.2
4089,0.75
4090,0.6
4091,1.2
4092,0.75
4093,0.75
4094,0.0
4095,0.6
4096,1.2
4097,0.6
4098,0.6
4099,1.2
4100,0.0
4101,1.2
4102,0.0
4103,0.6
4104,0.75
4105,0.0
4106,0.6
4107,0.75
4108,0.0
4109,1.2
4110,0.75
4111,0.75
4112,0.0
4113,1.0
4114,0.0
4115,0.75
4116,0.0
4117,1.5
4118,0.0
4119,1.2
4120,1.2
4121,0.0
4122,1.2
4123,0.0
4124,0.75
4125,1.2
4126,1.2
4127,0.6
4128,0.75
4129,0.6
4130,0.75
4131,0.0
4132,0.0
4133,1.2
4134,1.2
4135,1.2
4136,0.75
4137,0.6
4138,0.75
4139,0.0
4140,1.2
4141,0.6
4142,1.2
4143,0.6
4144,0.0
4145,0.6
4146,1.2
4147,0.0
4148,1.2
4149,0.6
4150,0.75
4151,1.2
4152,0.75
4153,0.75
4154,0.75
4155,1.2
4156,1.2
4157,0.6
4158,0.6
4159,0.75
4160,0.0
4161,1.2
4162,1.5
4163,1.2
4164,0.6
4165,1.5
4166,1.2
4167,1.2
4168,0.75
4169,0.0
4170,1.2
4171,0.0
4172,1.2
4173,1.0
4174,0.0
4175,0.0
4176,0.6
4177,0.0
4178,1.2
4179,1.2
4180,0.0
4181,1.2
4182,0.0
4183,0.6
4184,0.75
4185,1.8
4186,0.6
4187,0.75
4188,0.75
4189,0.6
4190,0.6
4191,0.75
4192,0.0
4193,0.0
4194,0.0
4195,0.0
4196,0.75
4197,0.6
4198,0.0
4199,1.8
4200,0.6
4201,0.75
4202,0.0
4203,1.2
4204,0.75
4205,1.8
4206,0.6
4207,1.2
4208,0.0
4209,0.6
4210,0.6
4211,1.2
4212,1.8
4213,0.6
4214,0.0
4215,1.8
4216,1.2
4217,0.75
4218,1.2
4219,0.75
4220,1.2
4221,0.6
4222,0.75
4223,0.75
4224,0.75
4225,0.75
4226,0.75
4227,0.6
4228,0.75
4229,0.75
4230,1.2
4231,1.5
4232,1.2
4233,1.2
4234,0.75
4235,0.75
4236,0.6
4237,0.75
4238,0.75
4239,1.8
4240,0.75
4241,0.0
4242,1.2
4243,0.6
4244,0.75
4245,1.2
4246,0.75
4247,0.0
4248,1.8
4249,0.75
4250,0.75
4251,0.6
4252,0.0
4253,0.0
4254,1.2
4255,0.75
4256,1.2
4257,1.2
4258,0.75
4259,0.75
4260,0.0
4261,0.0
4262,0.6
4263,0.75
4264,0.6
4265,0.6
4266,0.75
4267,1.2
4268,0.75
4269,0.75
4270,0.0
4271,0.0
4272,0.75
4273,0.0
4274,0.0
4275,0.75
4276,0.75
4277,0.75
4278,1.2
4279,1.2
4280,1.2
4281,0.0
4282,1.2
4283,0.6
4284,0.0
4285,1.2
4286,0.75
4287,1.2
4288,0.75
4289,0.0
4290,1.2
4291,0.75
4292,0.6
4293,0.75
4294,0.6
4295,1.2
4296,1.2
4297,0.6
4298,0.6
4299,0.0
4300,0.75
4301,0.75
4302,1.2
4303,0.75
4304,0.0
4305,1.2
4306,0.75
4307,1.2
4308,0.6
4309,1.8
4310,0.75
4311,0.6
4312,0.6
4313,1.2
4314,0.6
4315,0.0
4316,1.2
4317,0.75
4318,0.75
4319,0.75
4320,0.75
4321,0.0
4322,1.2
4323,0.0
4324,1.2
4325,0.75
4326,1.5
4327,0.75
4328,0.75
4329,0.75
4330,0.75
4331,0.6
4332,0.75
4333,1.2
4334,1.2
4335,0.0
4336,1.8
4337,0.0
4338,1.8
4339,0.75
4340,1.2
4341,0.0
4342,0.0
4343,1.2
4344,0.0
4345,0.0
4346,0.0
4347,0.75
4348,1.5
4349,0.6
4350,0.75
4351,0.75
4352,0.0
4353,0.75
4354,1.2
4355,1.2
4356,0.75
4357,1.2
4358,1.2
4359,0.75
4360,0.0
4361,1.2
4362,1.5
4363,1.5
4364,0.75
4365,0.75
4366,0.75
4367,1.5
4368,0.75
4369,0.75
4370,1.2
4371,0.0
4372,0.75
4373,0.0
4374,0.75
4375,1.2
4376,1.2
4377,0.0
4378,0.6
4379,1.2
4380,0.0
4381,1.2
4382,1.2
4383,0.6
4384,0.75
4385,1.2
4386,0.75
4387,0.0
4388,0.75
4389,0.6
4390,0.75
4391,0.6
4392,1.2
4393,0.75
4394,0.75
4395,0.75
4396,0.0
4397,1.5
4398,1.2
4399,0.0
4400,0.6
4401,0.6
4402,0.0
4403,1.2
4404,0.75
4405,0.0
4406,0.75
4407,0.75
4408,0.75
4409,0.75
4410,0.6
4411,0.75
4412,0.6
4413,0.75
4414,0.75
4415,0.75
4416,0.0
4417,1.2
4418,1.8
4419,1.2
4420,0.0
4421,1.5
4422,0.75
4423,1.8
4424,0.6
4425,0.75
4426,0.0
4427,0.0
4428,0.75
4429,0.6
4430,0.6
4431,0.0
4432,0.6
4433,1.2
4434,1.0
4435,1.2
4436,1.2
4437,0.75
4438,1.2
4439,0.75
4440,0.0
4441,0.75
4442,0.0
4443,0.75
4444,1.5
4445,0.6
4446,0.0
4447,0.0
4448,1.2
4449,0.75
4450,0.75
4451,1.2
4452,0.75
4453,1.2
4454,1.5
4455,1.2
4456,0.75
4457,0.75
4458,0.75
4459,0.0
4460,0.75
4461,0.75
4462,0.75
4463,1.2
4464,1.5
4465,0.0
4466,0.75
4467,0.75
4468,0.6
4469,0.0
4470,0.0
4471,0.0
4472,0.0
4473,0.0
4474,0.6
4475,1.2
4476,0.0
4477,0.75
4478,1.8
4479,0.75
4480,0.75
4481,0.75
4482,0.6
4483,0.75
4484,0.6
4485,0.75
4486,1.2
4487,0.0
4488,0.75
4489,0.6
4490,0.75
4491,0.75
4492,0.0
4493,0.75
4494,0.6
4495,0.6
4496,1.2
4497,1.2
4498,1.2
4499,1.2
4500,1.2
4501,0.0
4502,0.75
4503,0.0
4504,0.0
4505,0.0
4506,0.6
4507,0.0
4508,0.75
4509,1.2
4510,1.2
4511,0.0
4512,0.75
4513,0.75
4514,1.8
4515,1.2
4516,0.0
4517,0.75
4518,0.6
4519,0.75
4520,0.6
4521,1.8
4522,1.2
4523,0.75
4524,0.0
4525,0.0
4526,0.0
4527,0.6
4528,0.0
4529,0.75
4530,1.2
4531,0.0
4532,1.2
4533,0.75
4534,0.75
4535,0.0
4536,0.6
4537,0.75
4538,1.2
4539,1.2
4540,0.75
4541,0.6
4542,1.2
4543,1.5
4544,0.6
4545,1.2
4546,1.2
4547,1.2
4548,0.75
4549,0.5
4550,1.2
4551,0.0
4552,0.0
4553,0.75
4554,1.2
4555,0.0
4556,0.75
4557,1.2
4558,0.0
4559,0.75
4560,1.2
4561,1.2
4562,1.2
4563,0.75
4564,0.75
4565,0.0
4566,0.6
4567,0.75
4568,0.6
4569,0.75
4570,0.75
4571,1.2
4572,0.6
4573,1.2
4574,1.2
4575,0.6
4576,1.2
4577,0.6
4578,1.2
4579,0.0
4580,0.75
4581,0.75
4582,0.6
4583,0.75
4584,0.75
4585,0.0
4586,1.2
4587,1.5
4588,0.75
4589,0.0
4590,0.0
4591,0.6
4592,1.2
4593,0.75
4594,0.0
4595,0.6
4596,1.2
4597,0.0
4598,1.2
4599,0.6
4600,0.75
4601,0.75
4602,0.75
4603,0.0
4604,0.0
4605,0.75
4606,0.6
4607,0.75
4608,0.75
4609,0.75
4610,1.2
4611,0.0
4612,1.2
4613,0.0
4614,0.75
4615,0.6
4616,0.6
4617,0.6
4618,0.75
4619,0.0
4620,0.75
4621,0.75
4622,0.0
4623,0.75
4624,0.6
4625,0.6
4626,0.0
4627,0.75
4628,1.5
4629,0.6
4630,1.2
4631,0.75
4632,1.8
4633,1.2
4634,0.6
4635,0.0
4636,0.75
4637,1.8
4638,0.6
4639,1.2
4640,0.0
4641,0.0
4642,0.75
4643,0.6
4644,0.6
4645,0.75
4646,0.6
4647,0.6
4648,0.0
4649,0.75
4650,0.0
4651,0.0
4652,0.6
4653,1.0
4654,0.75
4655,0.0
4656,1.2
4657,1.8
4658,1.2
4659,0.0
4660,1.2
4661,0.0
4662,1.2
4663,0.75
4664,1.5
4665,1.2
4666,0.75
4667,0.75
4668,0.75
4669,0.75
4670,1.2
4671,0.0
4672,0.75
4673,1.2
4674,1.2
4675,0.75
4676,0.75
4677,0.6
4678,0.0
4679,0.75
4680,1.2
4681,0.75
4682,1.2
4683,0.6
4684,1.2
4685,1.2
4686,0.0
4687,0.75
4688,0.75
4689,0.75
4690,1.2
4691,1.2
4692,0.75
4693,0.0
4694,0.75
4695,1.5
4696,0.6
4697,1.8
4698,0.75
4699,1.2
4700,0.75
4701,0.6
4702,0.0
4703,0.0
4704,1.2
4705,0.6
4706,0.0
4707,0.75
4708,0.0
4709,0.0
4710,0.0
4711,0.6
4712,0.75
4713,1.2
4714,0.75
4715,0.75
4716,0.75
4717,0.75
4718,0.0
4719,0.0
4720,0.75
4721,0.0
4722,1.2
4723,1.2
4724,0.6
4725,0.6
4726,1.2
4727,0.6
4728,0.75
4729,0.0
4730,1.8
4731,1.5
4732,1.2
4733,0.75
4734,0.0
4735,0.75
4736,0.6
4737,1.2
4738,0.75
4739,0.6
4740,0.75
4741,0.75
4742,0.6
4743,0.6
4744,0.75
4745,0.6
4746,0.6
4747,1.2
4748,0.75
4749,0.0
4750,0.0
4751,0.75
4752,0.75
4753,1.2
4754,0.6
4755,0.75
4756,0.75
4757,1.2
4758,0.75
4759,0.6
4760,0.75
4761,0.6
4762,1.2
4763,0.75
4764,0.75
4765,0.0
4766,1.8
4767,0.6
4768,0.0
4769,0.0
4770,0.0
4771,1.2
4772,0.6
4773,1.2
4774,1.2
4775,0.0
4776,0.0
4777,0.0
4778,0.0
4779,0.6
4780,0.75
4781,0.0
4782,1.2
4783,0.75
4784,0.75
4785,1.2
4786,2.0
4787,0.75
4788,1.2
4789,0.0
4790,1.2
4791,0.6
4792,0.6
4793,1.5
4794,0.0
4795,1.2
4796,0.0
4797,0.6
4798,1.8
4799,0.75
4800,1.2
4801,1.5
4802,1.2
4803,0.75
4804,1.2
4805,0.0
4806,0.0
4807,0.75
4808,0.0
4809,0.75
4810,1.2
4811,1.2
4812,0.75
4813,0.75
4814,0.6
4815,0.75
4816,0.6
4817,1.2
4818,0.75
4819,0.75
4820,0.6
4821,0.0
4822,0.0
4823,0.75
4824,1.2
4825,0.0
4826,0.6
4827,0.75
4828,1.0
4829,0.75
4830,1.2
4831,0.0
4832,0.0
4833,1.2
4834,1.2
4835,0.75
4836,0.75
4837,0.0
4838,1.5
4839,0.75
4840,1.2
4841,1.2
4842,0.75
4843,0.0
4844,0.6
4845,1.5
4846,0.75
4847,0.6
4848,0.6
4849,0.75
4850,0.0
4851,0.0
4852,0.0
4853,1.2
4854,0.6
4855,0.0
4856,0.6
4857,0.75
4858,0.75
4859,0.75
4860,1.2
4861,0.75
4862,0.75
4863,0.0
4864,1.2
4865,1.2
4866,1.2
4867,1.2
4868,1.2
4869,0.75
4870,1.2
4871,0.6
4872,1.2
4873,1.2
4874,1.2
4875,0.6
4876,0.0
4877,0.6
4878,1.2
4879,1.2
4880,0.75
4881,1.2
4882,0.75
4883,0.75
4884,0.75
4885,0.75
4886,1.2
4887,1.2
4888,0.75
4889,0.0
4890,0.75
4891,1.0
4892,0.6
4893,0.75
4894,0.75
4895,1.2
4896,0.0
4897,0.6
4898,1.2
4899,1.0
4900,0.75
4901,0.0
4902,0.75
4903,0.0
4904,1.2
4905,0.0
4906,1.8
4907,0.0
4908,1.2
4909,1.2
4910,1.8
4911,0.75
4912,0.75
4913,0.75
4914,0.75
4915,0.75
4916,0.75
4917,0.75
4918,0.75
4919,1.2
4920,1.2
4921,0.75
4922,0.0
4923,1.2
4924,0.75
4925,0.6
4926,1.0
4927,0.6
4928,0.75
4929,1.2
4930,0.0
4931,0.6
4932,1.2
4933,0.6
4934,0.75
4935,0.75
4936,1.2
4937,1.2
4938,1.2
4939,0.75
4940,0.75
4941,1.8
4942,1.2
4943,0.75
4944,0.0
4945,0.0
4946,0.0
4947,0.0
4948,1.2
4949,0.75
4950,1.2
4951,0.75
4952,0.75
4953,0.0
4954,0.75
4955,0.0
4956,0.75
4957,0.0
4958,0.0
4959,0.6
4960,0.0
4961,0.6
4962,1.2
4963,1.8
4964,1.2
4965,0.75
4966,0.75
4967,1.2
4968,0.75
4969,0.0
4970,0.0
4971,1.2
4972,1.2
4973,0.6
4974,0.0
4975,0.75
4976,0.75
4977,0.75
4978,0.75
4979,0.75
4980,0.0
4981,0.75
4982,0.6
4983,1.5
4984,1.2
4985,0.6
4986,0.75
4987,0.0
4988,0.75
4989,1.2
4990,0.75
4991,1.2
4992,1.8
4993,0.0
4994,0.6
4995,0.6
4996,1.2
4997,0.0
4998,0.75
4999,1.8
5000,0.0
