Lá»‹ch ID,Fitness
1,4.2
2,4.6
3,5.0
4,4.2
5,4.6
6,4.6
7,5.0
8,4.2
9,5.4
10,4.2
11,4.2
12,4.6
13,3.4
14,3.8
15,3.8
16,4.6
17,3.8
18,3.8
19,4.2
20,5.8
21,4.2
22,4.2
23,4.2
24,3.4
25,3.4
26,3.0
27,5.0
28,5.4
29,5.0
30,3.3333333333333335
31,3.4
32,4.2
33,4.2
34,5.0
35,3.3333333333333335
36,5.8
37,4.6
38,3.0
39,2.6
40,5.0
41,4.6
42,4.2
43,3.0
44,5.8
45,3.0
46,3.0
47,4.6
48,3.8
49,2.6
50,5.0
51,5.4
52,3.4
53,5.0
54,5.0
55,3.0
56,3.0
57,3.8
58,3.4
59,5.0
60,4.6
61,4.0
62,4.6
63,4.6
64,3.8
65,5.0
66,3.8
67,5.0
68,5.0
69,4.2
70,5.4
71,3.4
72,4.6
73,5.0
74,3.8
75,2.6
76,4.6
77,4.6
78,4.6
79,3.8
80,4.2
81,3.4
82,4.2
83,3.4
84,5.8
85,5.0
86,4.2
87,2.3333333333333335
88,4.6
89,4.6
90,4.6
91,4.2
92,5.0
93,4.2
94,4.2
95,4.2
96,5.4
97,3.8
98,4.2
99,3.8
100,5.4
101,4.6
102,4.2
103,3.8
104,4.6
105,3.8
106,4.2
107,2.3333333333333335
108,4.2
109,4.2
110,5.0
111,4.2
112,3.8
113,3.0
114,4.2
115,2.6
116,4.2
117,4.6
118,4.6
119,3.8
120,3.8
121,3.8
122,4.2
123,6.2
124,3.4
125,3.8
126,3.8
127,5.4
128,2.2
129,5.0
130,3.4
131,4.6
132,3.0
133,3.4
134,3.0
135,3.8
136,3.6666666666666665
137,4.6
138,3.8
139,4.6
140,3.4
141,5.0
142,3.4
143,4.2
144,4.2
145,3.6666666666666665
146,5.0
147,5.8
148,4.2
149,5.4
150,3.0
151,3.4
152,3.3333333333333335
153,3.8
154,5.0
155,6.2
156,4.6
157,4.6
158,3.0
159,3.8
160,3.8
161,4.6
162,4.2
163,4.6
164,5.0
165,2.6
166,4.2
167,4.2
168,4.2
169,3.0
170,4.6
171,5.0
172,4.2
173,3.4
174,4.6
175,5.0
176,4.2
177,4.2
178,3.8
179,5.0
180,3.8
181,3.8
182,2.6666666666666665
183,4.2
184,5.0
185,3.8
186,3.8
187,3.8
188,3.4
189,2.6
190,4.6
191,3.4
192,4.6
193,3.0
194,3.8
195,3.4
196,3.8
197,4.2
198,4.2
199,4.2
200,2.2
201,4.6
202,1.0
203,3.0
204,3.8
205,4.6
206,4.333333333333333
207,2.6666666666666665
208,3.8
209,4.2
210,5.0
211,2.2
212,4.2
213,5.0
214,4.2
215,4.2
216,4.2
217,4.6
218,5.0
219,5.8
220,4.2
221,5.4
222,3.4
223,5.4
224,3.8
225,3.8
226,3.6666666666666665
227,4.2
228,3.8
229,5.4
230,5.0
231,3.4
232,3.8
233,3.8
234,3.4
235,3.8
236,4.6
237,3.4
238,5.0
239,3.8
240,5.0
241,3.0
242,3.4
243,1.8
244,3.4
245,2.6
246,6.2
247,5.0
248,4.6
249,6.2
250,4.6
251,3.0
252,3.8
253,6.2
254,5.0
255,5.8
256,2.6
257,5.0
258,3.6666666666666665
259,2.2
260,4.6
261,4.0
262,3.8
263,3.4
264,2.6
265,5.0
266,4.2
267,5.0
268,3.8
269,4.2
270,4.2
271,2.6
272,3.8
273,3.0
274,3.0
275,3.4
276,4.6
277,3.4
278,3.8
279,3.8
280,4.6
281,3.0
282,4.6
283,4.2
284,3.8
285,3.8
286,5.0
287,3.0
288,3.8
289,4.6
290,4.2
291,5.8
292,3.3333333333333335
293,6.2
294,4.6
295,4.6
296,2.2
297,5.0
298,3.4
299,4.2
300,3.4
301,3.0
302,4.2
303,5.4
304,3.8
305,4.6
306,3.4
307,3.0
308,4.6
309,3.8
310,4.6
311,4.2
312,4.2
313,2.6666666666666665
314,5.8
315,4.2
316,3.0
317,3.6666666666666665
318,2.2
319,4.6
320,4.2
321,2.2
322,3.8
323,3.0
324,4.0
325,5.0
326,4.6
327,3.4
328,4.2
329,4.2
330,2.6666666666666665
331,4.2
332,3.4
333,2.6
334,2.6
335,2.2
336,3.4
337,3.0
338,4.6
339,3.4
340,5.8
341,4.6
342,5.4
343,5.0
344,3.6666666666666665
345,3.8
346,4.2
347,3.3333333333333335
348,5.4
349,4.6
350,4.2
351,5.4
352,3.8
353,4.2
354,5.4
355,5.0
356,3.8
357,3.4
358,5.8
359,3.0
360,4.6
361,5.4
362,4.2
363,3.4
364,4.6
365,4.2
366,3.8
367,3.8
368,5.4
369,5.0
370,2.6
371,3.4
372,4.2
373,3.8
374,5.4
375,3.4
376,3.8
377,3.8
378,4.2
379,5.0
380,3.8
381,5.0
382,5.4
383,3.8
384,3.0
385,3.8
386,3.0
387,5.0
388,3.8
389,3.0
390,5.4
391,2.2
392,5.4
393,3.8
394,3.0
395,5.4
396,4.2
397,4.6
398,3.8
399,2.2
400,5.4
401,5.8
402,3.8
403,4.2
404,4.2
405,4.2
406,5.0
407,4.6
408,3.4
409,1.8
410,4.6
411,3.0
412,4.2
413,4.2
414,3.4
415,5.8
416,3.8
417,3.8
418,2.2
419,4.2
420,4.6
421,5.0
422,4.2
423,5.4
424,4.6
425,5.0
426,3.4
427,4.2
428,3.8
429,2.6666666666666665
430,5.8
431,3.4
432,5.0
433,4.2
434,3.8
435,5.8
436,3.0
437,5.0
438,4.6
439,5.0
440,4.6
441,5.0
442,4.2
443,4.2
444,3.4
445,4.2
446,5.0
447,5.4
448,4.6
449,4.2
450,3.8
451,3.8
452,5.0
453,4.6
454,3.8
455,5.8
456,3.4
457,2.2
458,5.4
459,4.333333333333333
460,3.4
461,4.666666666666667
462,4.6
463,4.6
464,3.0
465,3.3333333333333335
466,4.6
467,5.0
468,4.2
469,3.4
470,5.0
471,4.6
472,4.2
473,4.2
474,2.2
475,4.2
476,5.0
477,4.2
478,5.0
479,3.8
480,5.0
481,4.6
482,4.2
483,3.4
484,3.8
485,4.6
486,3.4
487,2.2
488,4.6
489,4.2
490,3.8
491,2.6
492,3.4
493,3.8
494,4.6
495,4.2
496,5.4
497,5.4
498,4.2
499,4.6
500,3.8
501,4.2
502,3.8
503,6.2
504,2.6666666666666665
505,5.0
506,3.0
507,3.4
508,4.2
509,4.2
510,3.8
511,4.6
512,5.0
513,3.6666666666666665
514,4.2
515,5.0
516,3.8
517,3.4
518,4.6
519,5.0
520,3.8
521,3.8
522,4.6
523,3.8
524,4.6
525,5.0
526,5.0
527,3.8
528,4.2
529,4.2
530,3.8
531,3.4
532,3.0
533,3.0
534,3.4
535,4.2
536,3.0
537,4.6
538,5.4
539,4.2
540,4.2
541,5.0
542,5.8
543,3.8
544,5.8
545,3.4
546,3.0
547,5.0
548,3.8
549,3.0
550,2.6666666666666665
551,3.4
552,5.0
553,3.8
554,3.8
555,3.8
556,5.0
557,4.2
558,4.2
559,2.6666666666666665
560,4.6
561,5.0
562,4.6
563,4.2
564,4.2
565,4.0
566,4.6
567,3.4
568,3.8
569,4.2
570,4.6
571,4.6
572,4.2
573,5.0
574,5.0
575,3.4
576,2.6
577,4.6
578,4.6
579,3.0
580,3.0
581,4.6
582,4.2
583,3.4
584,4.6
585,3.8
586,5.4
587,3.3333333333333335
588,4.2
589,3.8
590,3.3333333333333335
591,4.6
592,3.8
593,3.4
594,4.2
595,3.0
596,5.0
597,5.0
598,4.2
599,5.0
600,1.8
601,3.8
602,3.0
603,5.0
604,3.8
605,5.0
606,3.8
607,2.6
608,4.2
609,5.0
610,6.2
611,3.4
612,4.2
613,4.2
614,4.6
615,5.0
616,4.6
617,3.8
618,3.8
619,3.4
620,5.0
621,5.4
622,1.8
623,4.2
624,4.2
625,4.6
626,3.4
627,5.4
628,2.6
629,4.6
630,3.8
631,4.6
632,4.2
633,5.0
634,5.0
635,4.2
636,5.0
637,5.0
638,3.8
639,2.6
640,5.4
641,3.0
642,1.8
643,6.2
644,3.8
645,5.0
646,4.6
647,5.0
648,3.0
649,4.2
650,3.0
651,3.8
652,3.8
653,5.4
654,4.2
655,4.2
656,3.8
657,3.0
658,1.4
659,5.4
660,3.0
661,3.4
662,3.8
663,4.2
664,3.4
665,3.4
666,4.2
667,4.2
668,4.2
669,3.8
670,4.2
671,4.2
672,3.8
673,4.2
674,3.8
675,4.2
676,4.2
677,4.2
678,4.2
679,5.0
680,4.2
681,3.4
682,2.6
683,4.6
684,3.4
685,5.4
686,6.2
687,5.0
688,4.2
689,3.4
690,3.8
691,4.6
692,4.2
693,3.4
694,4.2
695,5.4
696,2.6
697,3.4
698,4.2
699,5.4
700,3.4
701,3.4
702,4.6
703,4.6
704,3.8
705,5.4
706,3.8
707,4.6
708,5.0
709,3.0
710,2.0
711,4.333333333333333
712,2.6
713,5.0
714,3.8
715,4.2
716,4.6
717,5.8
718,4.6
719,4.6
720,3.8
721,3.8
722,4.6
723,5.0
724,5.4
725,3.4
726,3.0
727,4.6
728,3.8
729,4.6
730,4.2
731,4.6
732,4.2
733,3.4
734,5.4
735,4.0
736,4.6
737,4.6
738,5.0
739,5.4
740,2.6
741,5.0
742,2.6
743,4.6
744,2.6
745,5.0
746,4.2
747,5.8
748,5.0
749,4.2
750,3.4
751,2.6
752,4.6
753,3.0
754,5.8
755,3.0
756,4.2
757,4.2
758,4.2
759,2.6
760,5.4
761,3.4
762,3.4
763,4.2
764,4.6
765,3.0
766,3.8
767,4.2
768,3.8
769,3.4
770,4.6
771,4.2
772,3.4
773,5.8
774,4.2
775,4.6
776,5.0
777,4.6
778,3.3333333333333335
779,3.8
780,5.4
781,2.6
782,3.0
783,3.8
784,5.0
785,5.0
786,4.2
787,3.0
788,5.8
789,4.2
790,4.6
791,3.8
792,4.2
793,3.4
794,3.4
795,3.4
796,5.0
797,4.6
798,3.8
799,5.0
800,3.8
801,3.0
802,3.0
803,4.2
804,3.4
805,3.4
806,3.4
807,2.6666666666666665
808,4.2
809,3.0
810,3.4
811,5.0
812,3.4
813,6.2
814,3.8
815,3.4
816,4.6
817,3.4
818,4.2
819,3.6666666666666665
820,4.2
821,3.0
822,4.6
823,3.4
824,4.6
825,3.4
826,4.2
827,3.8
828,5.4
829,5.0
830,5.0
831,2.6666666666666665
832,4.6
833,3.0
834,3.8
835,4.6
836,4.2
837,4.6
838,3.8
839,5.4
840,5.0
841,2.2
842,5.0
843,2.6666666666666665
844,4.2
845,4.2
846,4.6
847,4.333333333333333
848,3.4
849,4.6
850,3.8
851,3.4
852,5.0
853,4.6
854,5.0
855,5.0
856,3.4
857,4.2
858,3.8
859,3.8
860,2.3333333333333335
861,3.8
862,5.4
863,5.4
864,3.8
865,3.8
866,4.6
867,4.0
868,4.2
869,3.4
870,4.6
871,5.4
872,4.2
873,4.6
874,4.2
875,2.6
876,3.0
877,5.0
878,5.4
879,4.2
880,3.0
881,3.8
882,4.6
883,4.6
884,3.8
885,3.8
886,2.6
887,4.2
888,3.4
889,5.4
890,3.4
891,3.4
892,4.6
893,4.6
894,4.2
895,4.6
896,4.2
897,4.2
898,3.4
899,3.4
900,4.2
901,4.6
902,4.2
903,3.8
904,3.8
905,6.2
906,3.8
907,4.6
908,4.2
909,3.4
910,3.8
911,3.8
912,2.6
913,4.2
914,3.0
915,4.2
916,3.8
917,4.2
918,4.6
919,3.8
920,4.2
921,4.6
922,4.2
923,4.6
924,3.4
925,4.6
926,2.6
927,3.8
928,3.0
929,3.8
930,4.2
931,4.2
932,4.666666666666667
933,3.8
934,5.0
935,4.6
936,4.2
937,2.6
938,5.0
939,4.2
940,3.8
941,4.2
942,4.2
943,5.0
944,4.2
945,5.4
946,2.2
947,4.2
948,4.6
949,4.6
950,5.4
951,2.2
952,3.8
953,5.0
954,3.8
955,2.6
956,4.2
957,4.2
958,3.0
959,4.6
960,3.8
961,5.4
962,4.6
963,3.0
964,4.2
965,2.6
966,2.6
967,3.4
968,3.8
969,3.4
970,4.6
971,4.2
972,4.2
973,5.0
974,4.2
975,3.0
976,3.4
977,4.6
978,5.0
979,4.2
980,3.4
981,4.6
982,2.6
983,3.8
984,5.0
985,4.2
986,4.6
987,3.3333333333333335
988,3.4
989,4.2
990,3.8
991,4.2
992,4.2
993,5.0
994,5.0
995,4.6
996,5.4
997,2.6666666666666665
998,3.8
999,4.6
1000,5.8
1001,4.2
1002,3.0
1003,5.0
1004,3.0
1005,3.8
1006,4.2
1007,3.3333333333333335
1008,2.3333333333333335
1009,3.4
1010,4.2
1011,3.8
1012,2.6666666666666665
1013,4.0
1014,4.2
1015,2.6
1016,5.0
1017,4.2
1018,4.6
1019,5.4
1020,4.6
1021,3.0
1022,4.2
1023,5.0
1024,2.6
1025,3.4
1026,3.8
1027,4.2
1028,4.6
1029,4.6
1030,3.4
1031,3.8
1032,5.0
1033,2.2
1034,3.4
1035,2.6
1036,4.6
1037,2.6
1038,5.0
1039,4.6
1040,3.4
1041,4.6
1042,5.0
1043,3.8
1044,3.8
1045,4.6
1046,5.4
1047,4.2
1048,3.4
1049,3.0
1050,4.6
1051,4.6
1052,5.4
1053,3.8
1054,4.2
1055,3.8
1056,4.2
1057,3.0
1058,4.2
1059,2.6
1060,3.4
1061,3.4
1062,4.2
1063,3.8
1064,3.0
1065,4.2
1066,5.0
1067,4.6
1068,5.0
1069,2.6
1070,5.0
1071,4.6
1072,3.8
1073,3.8
1074,3.8
1075,3.4
1076,3.8
1077,4.2
1078,4.6
1079,3.8
1080,3.0
1081,3.4
1082,4.2
1083,3.8
1084,4.6
1085,4.0
1086,5.0
1087,6.2
1088,4.2
1089,3.8
1090,4.2
1091,5.0
1092,4.6
1093,4.2
1094,4.6
1095,5.0
1096,5.0
1097,3.8
1098,4.2
1099,4.6
1100,4.2
1101,3.4
1102,4.6
1103,2.6
1104,3.4
1105,4.6
1106,3.8
1107,4.6
1108,3.4
1109,3.4
1110,3.4
1111,3.0
1112,3.0
1113,5.4
1114,5.8
1115,4.6
1116,4.6
1117,4.6
1118,4.6
1119,4.333333333333333
1120,3.0
1121,3.4
1122,5.0
1123,3.8
1124,4.6
1125,3.8
1126,3.8
1127,4.2
1128,3.0
1129,4.6
1130,3.0
1131,5.4
1132,3.8
1133,5.0
1134,4.2
1135,4.2
1136,3.4
1137,4.0
1138,4.2
1139,4.2
1140,4.2
1141,2.6
1142,3.4
1143,2.3333333333333335
1144,4.2
1145,4.6
1146,2.3333333333333335
1147,5.0
1148,3.4
1149,5.0
1150,3.4
1151,4.6
1152,3.4
1153,5.4
1154,5.4
1155,4.6
1156,3.4
1157,4.2
1158,3.8
1159,4.6
1160,3.3333333333333335
1161,3.4
1162,2.6
1163,4.333333333333333
1164,3.4
1165,3.0
1166,2.2
1167,4.6
1168,4.6
1169,3.4
1170,4.2
1171,4.2
1172,5.8
1173,4.2
1174,3.0
1175,3.4
1176,4.6
1177,5.0
1178,4.2
1179,3.4
1180,5.8
1181,4.2
1182,5.0
1183,4.2
1184,3.8
1185,5.4
1186,5.0
1187,4.6
1188,4.2
1189,5.0
1190,4.2
1191,3.4
1192,3.6666666666666665
1193,5.8
1194,5.0
1195,4.6
1196,4.2
1197,5.4
1198,5.4
1199,4.2
1200,3.8
1201,3.4
1202,4.6
1203,4.2
1204,5.8
1205,2.0
1206,3.8
1207,5.4
1208,3.8
1209,4.2
1210,6.6
1211,4.2
1212,3.8
1213,3.8
1214,4.6
1215,5.4
1216,3.8
1217,4.2
1218,4.2
1219,4.2
1220,2.2
1221,5.0
1222,4.2
1223,5.0
1224,4.2
1225,5.0
1226,3.4
1227,5.4
1228,4.6
1229,4.6
1230,3.4
1231,4.2
1232,4.2
1233,5.0
1234,3.4
1235,5.4
1236,3.8
1237,3.4
1238,4.2
1239,4.6
1240,4.2
1241,2.6
1242,4.2
1243,3.8
1244,4.2
1245,4.2
1246,3.8
1247,5.0
1248,3.0
1249,5.0
1250,4.0
1251,3.4
1252,4.2
1253,4.6
1254,4.2
1255,4.6
1256,4.0
1257,2.6
1258,3.0
1259,5.4
1260,4.2
1261,5.0
1262,4.2
1263,4.6
1264,3.4
1265,4.6
1266,3.8
1267,5.0
1268,3.4
1269,4.6
1270,4.6
1271,2.6666666666666665
1272,4.6
1273,4.2
1274,4.2
1275,3.0
1276,5.4
1277,5.0
1278,4.6
1279,3.0
1280,3.0
1281,4.6
1282,4.6
1283,3.8
1284,3.4
1285,4.2
1286,3.0
1287,3.8
1288,2.2
1289,3.0
1290,3.8
1291,4.2
1292,4.6
1293,4.6
1294,5.4
1295,3.8
1296,3.8
1297,4.2
1298,4.6
1299,4.2
1300,3.8
1301,5.0
1302,3.8
1303,4.2
1304,4.2
1305,3.8
1306,3.8
1307,3.8
1308,5.8
1309,4.6
1310,5.0
1311,4.2
1312,4.6
1313,3.8
1314,4.6
1315,3.4
1316,4.6
1317,3.8
1318,4.2
1319,4.2
1320,3.8
1321,3.4
1322,3.6666666666666665
1323,4.6
1324,4.2
1325,2.6
1326,4.6
1327,4.2
1328,3.4
1329,4.2
1330,3.8
1331,4.6
1332,4.2
1333,3.4
1334,3.4
1335,5.4
1336,1.8
1337,4.2
1338,4.6
1339,4.6
1340,4.2
1341,4.6
1342,3.4
1343,4.2
1344,4.6
1345,4.2
1346,4.2
1347,4.2
1348,4.6
1349,3.0
1350,3.0
1351,5.8
1352,4.2
1353,5.0
1354,3.8
1355,5.0
1356,5.0
1357,4.2
1358,4.2
1359,4.2
1360,4.2
1361,3.4
1362,4.6
1363,1.8
1364,5.4
1365,2.6666666666666665
1366,4.2
1367,4.6
1368,3.8
1369,5.0
1370,5.0
1371,4.0
1372,5.0
1373,4.2
1374,4.6
1375,3.0
1376,4.2
1377,5.4
1378,5.8
1379,4.2
1380,2.6666666666666665
1381,5.0
1382,3.0
1383,3.8
1384,3.4
1385,3.8
1386,5.4
1387,3.0
1388,4.6
1389,5.4
1390,5.0
1391,4.2
1392,4.6
1393,4.2
1394,4.6
1395,3.4
1396,3.4
1397,3.8
1398,2.6
1399,3.0
1400,4.6
1401,2.6
1402,4.2
1403,3.8
1404,4.6
1405,3.3333333333333335
1406,4.6
1407,4.6
1408,3.4
1409,3.4
1410,4.6
1411,3.4
1412,3.8
1413,4.6
1414,3.8
1415,3.0
1416,5.4
1417,5.0
1418,4.2
1419,5.8
1420,3.0
1421,5.0
1422,4.6
1423,4.6
1424,4.2
1425,3.4
1426,3.8
1427,2.6
1428,3.4
1429,4.2
1430,5.0
1431,3.0
1432,2.6
1433,5.4
1434,5.4
1435,2.2
1436,3.4
1437,4.2
1438,3.8
1439,5.4
1440,5.0
1441,4.6
1442,3.4
1443,5.0
1444,4.6
1445,3.8
1446,3.8
1447,4.6
1448,2.0
1449,5.4
1450,3.6666666666666665
1451,3.6666666666666665
1452,4.6
1453,5.0
1454,5.8
1455,5.0
1456,1.8
1457,4.6
1458,5.0
1459,4.2
1460,3.0
1461,3.8
1462,4.6
1463,3.8
1464,3.3333333333333335
1465,3.4
1466,5.0
1467,4.6
1468,5.0
1469,5.0
1470,5.8
1471,3.4
1472,4.2
1473,5.0
1474,3.4
1475,5.0
1476,3.8
1477,3.8
1478,3.8
1479,3.8
1480,3.4
1481,3.8
1482,3.3333333333333335
1483,5.4
1484,4.6
1485,2.6
1486,4.2
1487,4.6
1488,4.2
1489,4.6
1490,3.8
1491,3.6666666666666665
1492,3.0
1493,4.2
1494,3.8
1495,2.6
1496,4.2
1497,5.0
1498,4.2
1499,5.0
1500,4.2
1501,5.0
1502,4.6
1503,5.4
1504,4.0
1505,3.4
1506,5.0
1507,5.4
1508,2.6
1509,2.2
1510,3.0
1511,5.8
1512,4.6
1513,5.4
1514,3.8
1515,4.2
1516,5.0
1517,3.8
1518,3.4
1519,4.6
1520,5.0
1521,4.2
1522,5.4
1523,5.0
1524,3.4
1525,4.6
1526,3.8
1527,3.6666666666666665
1528,2.6666666666666665
1529,4.2
1530,3.8
1531,4.6
1532,5.8
1533,3.8
1534,2.6666666666666665
1535,5.0
1536,5.8
1537,3.4
1538,5.0
1539,4.6
1540,3.0
1541,3.4
1542,5.4
1543,4.2
1544,4.2
1545,4.2
1546,3.8
1547,3.8
1548,3.4
1549,2.6
1550,4.6
1551,5.4
1552,3.4
1553,3.8
1554,4.2
1555,3.0
1556,4.6
1557,3.4
1558,3.4
1559,3.8
1560,3.4
1561,4.6
1562,2.6
1563,4.2
1564,5.4
1565,5.0
1566,4.6
1567,2.3333333333333335
1568,4.2
1569,4.2
1570,3.8
1571,4.6
1572,2.6
1573,3.8
1574,4.2
1575,4.6
1576,3.8
1577,4.666666666666667
1578,5.4
1579,4.6
1580,4.2
1581,5.4
1582,3.8
1583,4.2
1584,4.2
1585,2.6666666666666665
1586,3.8
1587,3.4
1588,4.2
1589,4.6
1590,3.0
1591,3.0
1592,1.8
1593,5.8
1594,3.8
1595,5.0
1596,3.4
1597,4.6
1598,3.8
1599,5.4
1600,5.4
1601,2.6
1602,3.0
1603,3.8
1604,5.4
1605,3.8
1606,4.2
1607,4.6
1608,4.6
1609,3.4
1610,3.8
1611,3.0
1612,3.8
1613,4.2
1614,2.6
1615,3.4
1616,2.0
1617,5.4
1618,5.4
1619,3.4
1620,5.8
1621,3.0
1622,2.6
1623,3.0
1624,5.0
1625,3.8
1626,4.2
1627,2.3333333333333335
1628,4.6
1629,5.8
1630,3.8
1631,4.6
1632,3.8
1633,3.0
1634,5.0
1635,3.8
1636,5.4
1637,5.4
1638,4.6
1639,4.2
1640,3.8
1641,3.0
1642,5.4
1643,6.2
1644,3.8
1645,4.6
1646,4.2
1647,3.0
1648,4.2
1649,3.4
1650,2.6
1651,5.0
1652,4.2
1653,3.0
1654,3.4
1655,4.2
1656,5.0
1657,5.8
1658,4.6
1659,4.6
1660,2.2
1661,4.6
1662,3.0
1663,4.2
1664,5.0
1665,3.4
1666,5.0
1667,4.2
1668,4.2
1669,3.8
1670,5.0
1671,2.3333333333333335
1672,4.2
1673,5.0
1674,3.8
1675,3.8
1676,3.0
1677,3.8
1678,5.4
1679,4.6
1680,4.6
1681,5.0
1682,4.2
1683,3.4
1684,3.8
1685,3.0
1686,3.8
1687,5.4
1688,5.8
1689,4.6
1690,4.6
1691,4.2
1692,5.4
1693,3.8
1694,4.6
1695,3.8
1696,4.2
1697,5.0
1698,5.0
1699,3.8
1700,3.0
1701,3.4
1702,5.0
1703,4.6
1704,3.8
1705,4.2
1706,5.4
1707,3.3333333333333335
1708,3.4
1709,3.0
1710,3.0
1711,4.2
1712,4.6
1713,4.2
1714,4.2
1715,4.2
1716,5.0
1717,4.6
1718,4.2
1719,4.2
1720,4.6
1721,3.4
1722,3.4
1723,3.0
1724,3.0
1725,3.3333333333333335
1726,5.4
1727,3.4
1728,4.6
1729,4.6
1730,5.4
1731,3.8
1732,3.8
1733,3.4
1734,4.2
1735,3.8
1736,3.8
1737,5.4
1738,4.6
1739,4.2
1740,3.6666666666666665
1741,4.2
1742,3.4
1743,4.6
1744,4.6
1745,4.2
1746,4.2
1747,4.6
1748,3.0
1749,4.6
1750,4.6
1751,3.4
1752,3.0
1753,3.3333333333333335
1754,4.2
1755,4.2
1756,3.4
1757,5.0
1758,5.0
1759,4.2
1760,4.6
1761,3.8
1762,4.2
1763,3.4
1764,5.4
1765,2.6
1766,4.333333333333333
1767,4.2
1768,4.6
1769,3.8
1770,5.0
1771,3.8
1772,3.6666666666666665
1773,3.4
1774,4.0
1775,1.8
1776,4.2
1777,2.2
1778,4.2
1779,3.0
1780,4.0
1781,3.8
1782,4.2
1783,3.6666666666666665
1784,3.0
1785,4.2
1786,5.0
1787,4.6
1788,4.6
1789,5.0
1790,3.8
1791,3.8
1792,5.4
1793,3.0
1794,3.3333333333333335
1795,3.8
1796,4.2
1797,4.6
1798,5.0
1799,4.6
1800,3.4
1801,4.2
1802,3.8
1803,3.4
1804,4.6
1805,4.6
1806,4.2
1807,3.6666666666666665
1808,3.4
1809,4.666666666666667
1810,5.0
1811,3.4
1812,4.2
1813,5.0
1814,4.2
1815,5.0
1816,4.6
1817,4.6
1818,3.8
1819,1.8
1820,4.2
1821,5.8
1822,6.6
1823,3.8
1824,5.0
1825,4.2
1826,3.4
1827,4.6
1828,3.4
1829,3.4
1830,5.4
1831,4.0
1832,3.3333333333333335
1833,1.8
1834,4.2
1835,4.6
1836,5.4
1837,4.2
1838,5.0
1839,4.2
1840,5.4
1841,5.0
1842,1.8
1843,2.6
1844,3.8
1845,4.6
1846,3.4
1847,5.4
1848,3.0
1849,5.0
1850,5.8
1851,5.0
1852,5.0
1853,3.0
1854,3.8
1855,5.4
1856,4.2
1857,3.8
1858,5.0
1859,3.3333333333333335
1860,5.8
1861,4.6
1862,4.2
1863,3.8
1864,3.8
1865,2.6
1866,5.4
1867,3.8
1868,4.6
1869,3.8
1870,3.0
1871,3.8
1872,4.2
1873,4.6
1874,3.6666666666666665
1875,4.6
1876,3.0
1877,4.6
1878,3.4
1879,4.2
1880,3.4
1881,4.2
1882,3.8
1883,4.6
1884,3.4
1885,4.6
1886,5.0
1887,5.4
1888,3.4
1889,3.4
1890,3.4
1891,5.4
1892,2.2
1893,1.8
1894,4.6
1895,3.8
1896,3.0
1897,3.8
1898,5.4
1899,5.0
1900,4.6
1901,4.6
1902,3.4
1903,3.8
1904,4.6
1905,5.0
1906,3.8
1907,4.6
1908,4.6
1909,4.6
1910,4.2
1911,4.6
1912,5.0
1913,3.8
1914,3.0
1915,4.0
1916,3.4
1917,3.8
1918,4.2
1919,5.0
1920,4.2
1921,4.2
1922,3.4
1923,5.0
1924,3.4
1925,3.4
1926,4.6
1927,5.0
1928,3.4
1929,3.8
1930,4.6
1931,2.6
1932,4.2
1933,3.3333333333333335
1934,4.6
1935,5.8
1936,4.6
1937,5.4
1938,4.2
1939,4.6
1940,3.8
1941,3.4
1942,5.4
1943,4.6
1944,5.0
1945,4.6
1946,3.8
1947,3.4
1948,2.6666666666666665
1949,5.8
1950,4.2
1951,4.2
1952,5.0
1953,4.2
1954,4.2
1955,3.3333333333333335
1956,3.8
1957,4.6
1958,5.0
1959,5.8
1960,4.2
1961,4.6
1962,4.6
1963,3.0
1964,4.2
1965,3.8
1966,5.0
1967,4.6
1968,3.8
1969,4.2
1970,3.8
1971,4.2
1972,4.6
1973,4.6
1974,3.4
1975,5.4
1976,4.6
1977,4.2
1978,5.0
1979,5.0
1980,5.8
1981,2.6
1982,3.4
1983,5.0
1984,2.2
1985,5.0
1986,3.6666666666666665
1987,3.8
1988,5.4
1989,2.2
1990,5.4
1991,3.0
1992,4.2
1993,3.8
1994,3.8
1995,3.4
1996,5.0
1997,5.0
1998,3.4
1999,4.2
2000,3.4
2001,4.2
2002,4.2
2003,4.6
2004,5.8
2005,4.2
2006,4.2
2007,3.8
2008,5.4
2009,3.0
2010,3.8
2011,6.6
2012,4.6
2013,2.6
2014,3.4
2015,4.6
2016,4.2
2017,3.8
2018,3.8
2019,2.6
2020,4.6
2021,3.4
2022,3.8
2023,4.2
2024,4.6
2025,3.0
2026,4.6
2027,4.2
2028,4.6
2029,4.2
2030,3.8
2031,4.6
2032,4.6
2033,3.4
2034,3.8
2035,3.0
2036,3.8
2037,3.0
2038,5.0
2039,5.0
2040,3.0
2041,3.4
2042,4.6
2043,5.4
2044,5.0
2045,3.8
2046,5.8
2047,4.6
2048,4.2
2049,4.6
2050,4.6
2051,4.666666666666667
2052,3.4
2053,5.0
2054,4.2
2055,4.6
2056,3.8
2057,3.4
2058,5.0
2059,3.0
2060,4.6
2061,4.2
2062,4.2
2063,3.3333333333333335
2064,4.6
2065,4.6
2066,4.2
2067,3.4
2068,4.2
2069,3.8
2070,4.2
2071,4.2
2072,5.8
2073,5.0
2074,5.8
2075,4.6
2076,4.2
2077,5.0
2078,4.2
2079,5.0
2080,4.6
2081,2.6
2082,5.0
2083,2.6
2084,4.6
2085,3.4
2086,2.6
2087,4.6
2088,3.8
2089,3.8
2090,4.2
2091,4.2
2092,3.3333333333333335
2093,6.2
2094,5.0
2095,2.2
2096,3.0
2097,3.4
2098,5.4
2099,4.2
2100,5.4
2101,4.6
2102,5.0
2103,3.8
2104,2.0
2105,5.8
2106,4.2
2107,5.0
2108,3.0
2109,3.4
2110,4.2
2111,3.4
2112,3.8
2113,5.4
2114,3.4
2115,5.0
2116,2.6
2117,4.6
2118,4.2
2119,4.6
2120,5.0
2121,4.2
2122,4.2
2123,5.0
2124,3.8
2125,4.2
2126,4.2
2127,3.8
2128,4.2
2129,3.0
2130,4.2
2131,4.2
2132,4.6
2133,3.8
2134,3.8
2135,2.3333333333333335
2136,5.4
2137,3.4
2138,3.4
2139,4.6
2140,4.2
2141,3.8
2142,6.2
2143,3.8
2144,3.8
2145,5.8
2146,4.2
2147,4.6
2148,3.8
2149,3.8
2150,2.6666666666666665
2151,3.8
2152,3.8
2153,4.2
2154,4.2
2155,4.2
2156,3.4
2157,1.8
2158,3.0
2159,3.4
2160,4.6
2161,5.8
2162,3.4
2163,3.8
2164,5.4
2165,4.6
2166,4.2
2167,3.4
2168,3.8
2169,3.4
2170,5.4
2171,3.4
2172,3.4
2173,4.2
2174,4.2
2175,5.4
2176,3.4
2177,3.0
2178,3.0
2179,4.2
2180,5.4
2181,3.8
2182,5.0
2183,4.666666666666667
2184,3.8
2185,4.6
2186,4.6
2187,3.8
2188,4.6
2189,4.2
2190,5.0
2191,4.6
2192,3.8
2193,5.0
2194,3.8
2195,5.0
2196,2.6666666666666665
2197,4.2
2198,4.2
2199,3.4
2200,3.0
2201,3.4
2202,5.8
2203,4.6
2204,5.0
2205,4.6
2206,3.8
2207,4.2
2208,4.6
2209,5.0
2210,3.8
2211,3.0
2212,3.0
2213,6.2
2214,4.2
2215,5.0
2216,3.4
2217,4.6
2218,5.4
2219,6.2
2220,3.4
2221,3.3333333333333335
2222,3.0
2223,4.6
2224,1.8
2225,4.6
2226,4.2
2227,3.4
2228,3.8
2229,5.4
2230,5.0
2231,5.0
2232,2.0
2233,3.0
2234,3.4
2235,2.3333333333333335
2236,5.0
2237,2.2
2238,4.2
2239,4.6
2240,5.8
2241,3.0
2242,3.4
2243,5.0
2244,4.6
2245,2.2
2246,5.4
2247,4.2
2248,2.6
2249,5.0
2250,5.0
2251,4.6
2252,4.6
2253,3.8
2254,3.8
2255,4.2
2256,4.2
2257,4.6
2258,4.2
2259,4.2
2260,3.8
2261,4.6
2262,6.2
2263,3.0
2264,3.8
2265,4.2
2266,3.8
2267,3.8
2268,2.6
2269,3.4
2270,5.0
2271,3.8
2272,5.0
2273,2.6
2274,4.6
2275,3.6666666666666665
2276,3.8
2277,4.6
2278,4.666666666666667
2279,3.0
2280,5.4
2281,4.2
2282,3.4
2283,3.0
2284,6.2
2285,3.8
2286,2.2
2287,3.8
2288,3.0
2289,3.8
2290,3.8
2291,5.0
2292,4.2
2293,4.2
2294,4.6
2295,4.2
2296,2.2
2297,3.4
2298,4.6
2299,3.8
2300,3.4
2301,4.6
2302,2.0
2303,5.0
2304,3.4
2305,4.0
2306,4.6
2307,3.4
2308,4.6
2309,4.6
2310,4.2
2311,3.4
2312,4.2
2313,3.8
2314,5.4
2315,3.4
2316,4.6
2317,4.2
2318,6.2
2319,3.4
2320,4.6
2321,3.4
2322,3.0
2323,3.8
2324,4.2
2325,4.6
2326,4.6
2327,3.8
2328,5.0
2329,1.6666666666666667
2330,3.8
2331,3.4
2332,3.8
2333,3.8
2334,4.2
2335,4.2
2336,5.0
2337,4.6
2338,3.0
2339,4.666666666666667
2340,3.8
2341,3.0
2342,3.8
2343,4.2
2344,3.4
2345,3.8
2346,3.4
2347,4.2
2348,4.6
2349,2.6
2350,4.6
2351,4.6
2352,2.2
2353,3.6666666666666665
2354,4.6
2355,3.4
2356,3.4
2357,5.8
2358,3.8
2359,4.2
2360,3.4
2361,3.8
2362,4.6
2363,4.6
2364,3.8
2365,4.6
2366,5.0
2367,3.8
2368,4.2
2369,4.333333333333333
2370,4.6
2371,3.4
2372,3.8
2373,4.2
2374,2.6
2375,5.0
2376,3.0
2377,3.8
2378,3.4
2379,3.4
2380,4.6
2381,5.0
2382,5.0
2383,3.4
2384,5.0
2385,5.0
2386,5.4
2387,4.6
2388,2.2
2389,5.0
2390,3.8
2391,3.4
2392,5.8
2393,5.0
2394,5.0
2395,3.8
2396,3.6666666666666665
2397,5.0
2398,5.0
2399,3.8
2400,5.0
2401,4.6
2402,5.0
2403,5.0
2404,5.0
2405,3.4
2406,3.4
2407,3.6666666666666665
2408,3.0
2409,3.0
2410,3.4
2411,3.0
2412,3.8
2413,4.2
2414,4.2
2415,4.6
2416,3.8
2417,3.4
2418,3.6666666666666665
2419,5.4
2420,4.6
2421,3.8
2422,4.2
2423,3.0
2424,5.4
2425,4.2
2426,3.8
2427,3.8
2428,5.4
2429,3.0
2430,3.8
2431,3.8
2432,4.6
2433,5.0
2434,3.0
2435,3.8
2436,3.8
2437,3.0
2438,4.6
2439,3.8
2440,3.8
2441,5.4
2442,3.8
2443,4.6
2444,5.8
2445,4.2
2446,4.6
2447,3.0
2448,3.4
2449,5.0
2450,3.4
2451,4.2
2452,3.8
2453,2.6
2454,4.6
2455,4.6
2456,3.8
2457,4.2
2458,3.0
2459,4.2
2460,5.0
2461,4.2
2462,4.2
2463,3.8
2464,3.4
2465,4.2
2466,4.2
2467,4.6
2468,4.6
2469,4.6
2470,4.0
2471,5.8
2472,3.4
2473,4.6
2474,3.0
2475,4.2
2476,4.2
2477,4.2
2478,4.6
2479,3.4
2480,5.0
2481,5.4
2482,3.0
2483,3.8
2484,5.0
2485,2.6
2486,4.2
2487,2.6666666666666665
2488,4.2
2489,4.2
2490,5.4
2491,4.6
2492,4.2
2493,3.8
2494,4.333333333333333
2495,5.4
2496,3.8
2497,4.6
2498,5.0
2499,4.2
2500,4.6
2501,3.8
2502,4.6
2503,4.6
2504,6.2
2505,5.8
2506,4.6
2507,5.0
2508,3.8
2509,3.8
2510,3.0
2511,3.8
2512,3.8
2513,3.4
2514,3.8
2515,4.6
2516,3.8
2517,3.8
2518,4.2
2519,4.6
2520,2.2
2521,3.4
2522,3.6666666666666665
2523,2.6
2524,5.4
2525,5.0
2526,3.6666666666666665
2527,3.4
2528,3.0
2529,4.2
2530,5.0
2531,3.8
2532,3.0
2533,3.4
2534,3.8
2535,5.8
2536,4.6
2537,3.8
2538,3.8
2539,5.4
2540,2.6
2541,5.0
2542,4.6
2543,5.0
2544,5.4
2545,4.6
2546,3.0
2547,3.0
2548,6.6
2549,5.8
2550,5.0
2551,5.0
2552,5.4
2553,3.8
2554,3.0
2555,5.4
2556,4.2
2557,4.2
2558,4.2
2559,4.6
2560,3.4
2561,3.8
2562,2.6
2563,5.0
2564,4.6
2565,3.4
2566,4.0
2567,3.4
2568,3.0
2569,3.4
2570,4.2
2571,4.2
2572,4.2
2573,5.8
2574,4.6
2575,3.8
2576,3.4
2577,4.6
2578,3.4
2579,6.2
2580,5.0
2581,3.4
2582,4.2
2583,5.0
2584,5.0
2585,3.4
2586,3.0
2587,4.2
2588,5.4
2589,3.4
2590,4.6
2591,2.3333333333333335
2592,4.6
2593,4.2
2594,3.4
2595,5.4
2596,3.8
2597,2.3333333333333335
2598,4.6
2599,4.6
2600,4.2
2601,4.2
2602,4.2
2603,3.8
2604,4.2
2605,3.6666666666666665
2606,3.8
2607,5.4
2608,3.4
2609,4.2
2610,3.4
2611,3.8
2612,3.4
2613,4.6
2614,4.6
2615,3.0
2616,4.6
2617,4.2
2618,4.6
2619,4.2
2620,3.8
2621,5.4
2622,4.6
2623,4.2
2624,4.6
2625,3.8
2626,5.0
2627,3.4
2628,4.6
2629,3.4
2630,3.8
2631,3.8
2632,4.6
2633,3.4
2634,3.8
2635,4.2
2636,4.2
2637,3.8
2638,5.0
2639,3.4
2640,4.2
2641,5.0
2642,5.0
2643,3.4
2644,5.4
2645,4.0
2646,4.6
2647,4.6
2648,3.0
2649,3.8
2650,2.6
2651,4.6
2652,3.8
2653,3.8
2654,3.8
2655,4.6
2656,5.8
2657,5.4
2658,2.6
2659,4.6
2660,5.8
2661,3.8
2662,4.2
2663,3.0
2664,4.2
2665,5.0
2666,4.2
2667,3.6666666666666665
2668,3.4
2669,4.6
2670,4.6
2671,5.0
2672,5.0
2673,4.2
2674,3.0
2675,2.0
2676,5.4
2677,4.2
2678,4.2
2679,2.6
2680,3.4
2681,2.6
2682,4.6
2683,4.6
2684,3.8
2685,4.6
2686,5.4
2687,3.0
2688,4.6
2689,5.0
2690,4.2
2691,4.2
2692,4.6
2693,4.2
2694,4.6
2695,6.6
2696,4.6
2697,5.0
2698,3.4
2699,4.2
2700,3.4
2701,3.4
2702,3.8
2703,3.4
2704,5.0
2705,4.2
2706,4.6
2707,4.2
2708,3.8
2709,5.0
2710,4.2
2711,2.2
2712,5.4
2713,3.8
2714,3.8
2715,4.6
2716,5.0
2717,4.2
2718,4.6
2719,3.4
2720,3.8
2721,6.2
2722,2.6
2723,5.4
2724,3.8
2725,4.6
2726,4.6
2727,3.4
2728,4.0
2729,4.2
2730,5.0
2731,4.2
2732,3.0
2733,3.8
2734,5.0
2735,4.2
2736,3.6666666666666665
2737,3.4
2738,4.2
2739,2.2
2740,3.4
2741,3.8
2742,3.0
2743,3.8
2744,5.4
2745,3.8
2746,5.0
2747,3.4
2748,3.8
2749,3.4
2750,4.2
2751,4.6
2752,2.6
2753,4.2
2754,3.3333333333333335
2755,5.4
2756,4.6
2757,5.0
2758,3.8
2759,4.6
2760,3.8
2761,4.6
2762,3.4
2763,4.2
2764,5.0
2765,5.4
2766,3.0
2767,3.8
2768,3.0
2769,5.0
2770,3.4
2771,5.0
2772,4.6
2773,3.8
2774,5.0
2775,3.4
2776,3.4
2777,3.0
2778,5.4
2779,5.0
2780,3.8
2781,3.0
2782,3.4
2783,3.8
2784,3.4
2785,5.4
2786,4.6
2787,4.2
2788,4.6
2789,5.0
2790,5.0
2791,4.2
2792,4.2
2793,3.8
2794,5.4
2795,2.2
2796,3.4
2797,5.0
2798,4.2
2799,3.8
2800,4.2
2801,2.6
2802,5.8
2803,3.4
2804,3.0
2805,5.4
2806,4.6
2807,3.4
2808,3.4
2809,3.3333333333333335
2810,5.0
2811,5.4
2812,4.6
2813,5.8
2814,2.3333333333333335
2815,4.0
2816,5.0
2817,4.6
2818,3.8
2819,4.2
2820,3.8
2821,3.0
2822,4.2
2823,3.4
2824,4.6
2825,3.4
2826,5.4
2827,3.4
2828,4.6
2829,5.0
2830,2.2
2831,3.4
2832,5.0
2833,5.0
2834,2.2
2835,4.6
2836,3.8
2837,4.6
2838,3.3333333333333335
2839,4.2
2840,3.3333333333333335
2841,2.2
2842,4.0
2843,4.6
2844,3.0
2845,3.0
2846,5.0
2847,3.8
2848,5.8
2849,4.2
2850,3.8
2851,4.2
2852,4.2
2853,2.6
2854,2.6
2855,5.4
2856,3.8
2857,3.8
2858,5.0
2859,5.4
2860,3.4
2861,5.8
2862,5.0
2863,4.2
2864,4.6
2865,3.4
2866,3.8
2867,3.4
2868,5.4
2869,4.2
2870,4.2
2871,4.2
2872,2.6
2873,3.8
2874,3.0
2875,4.2
2876,4.2
2877,3.8
2878,3.8
2879,3.4
2880,3.0
2881,4.6
2882,4.2
2883,4.6
2884,5.0
2885,4.6
2886,3.4
2887,3.8
2888,3.4
2889,4.6
2890,3.0
2891,5.0
2892,3.0
2893,5.4
2894,4.6
2895,5.8
2896,3.8
2897,3.8
2898,3.4
2899,4.6
2900,4.6
2901,4.2
2902,5.4
2903,4.2
2904,4.2
2905,4.2
2906,3.4
2907,4.0
2908,4.6
2909,5.4
2910,3.4
2911,5.4
2912,4.6
2913,3.8
2914,3.8
2915,4.6
2916,3.3333333333333335
2917,4.6
2918,3.8
2919,3.8
2920,4.6
2921,3.0
2922,3.8
2923,3.0
2924,5.4
2925,3.4
2926,3.0
2927,2.6
2928,3.4
2929,4.2
2930,3.8
2931,1.4
2932,3.3333333333333335
2933,2.2
2934,3.0
2935,5.8
2936,4.2
2937,4.6
2938,3.8
2939,2.6
2940,4.6
2941,3.8
2942,3.4
2943,5.0
2944,5.0
2945,3.0
2946,3.4
2947,3.4
2948,3.4
2949,3.0
2950,1.8
2951,4.2
2952,4.6
2953,4.6
2954,3.8
2955,4.2
2956,2.6666666666666665
2957,4.2
2958,1.8
2959,3.4
2960,3.0
2961,3.4
2962,4.2
2963,3.8
2964,4.2
2965,3.8
2966,4.6
2967,4.2
2968,4.2
2969,3.8
2970,6.2
2971,5.4
2972,3.0
2973,4.2
2974,3.0
2975,3.0
2976,1.8
2977,2.6
2978,5.8
2979,3.0
2980,5.0
2981,3.6666666666666665
2982,4.2
2983,4.6
2984,4.6
2985,3.0
2986,4.2
2987,1.8
2988,3.8
2989,4.6
2990,4.2
2991,4.2
2992,3.4
2993,4.2
2994,3.8
2995,4.2
2996,3.4
2997,2.6
2998,3.3333333333333335
2999,3.0
3000,3.4
3001,4.2
3002,4.6
3003,3.0
3004,3.8
3005,3.0
3006,3.8
3007,4.2
3008,3.8
3009,3.8
3010,3.4
3011,4.6
3012,3.8
3013,3.8
3014,4.2
3015,5.0
3016,2.2
3017,4.6
3018,3.6666666666666665
3019,3.4
3020,5.0
3021,4.6
3022,4.6
3023,5.4
3024,4.2
3025,3.8
3026,6.2
3027,4.2
3028,3.4
3029,3.4
3030,5.0
3031,3.0
3032,5.4
3033,3.8
3034,4.6
3035,5.0
3036,4.2
3037,5.4
3038,3.8
3039,3.8
3040,4.6
3041,3.3333333333333335
3042,4.6
3043,2.3333333333333335
3044,3.0
3045,4.2
3046,3.4
3047,3.0
3048,4.2
3049,4.6
3050,3.3333333333333335
3051,5.0
3052,3.0
3053,3.8
3054,3.8
3055,4.6
3056,4.6
3057,3.0
3058,3.0
3059,3.0
3060,4.2
3061,4.2
3062,4.2
3063,3.8
3064,4.2
3065,3.4
3066,5.4
3067,4.6
3068,5.0
3069,5.0
3070,5.0
3071,4.2
3072,3.4
3073,3.0
3074,4.6
3075,4.2
3076,4.6
3077,3.8
3078,5.0
3079,5.4
3080,3.4
3081,5.4
3082,4.6
3083,4.6
3084,3.4
3085,3.8
3086,3.4
3087,4.6
3088,4.2
3089,4.6
3090,3.8
3091,3.4
3092,4.2
3093,4.2
3094,5.0
3095,5.0
3096,5.0
3097,2.6
3098,3.0
3099,4.2
3100,4.2
3101,5.0
3102,5.4
3103,5.0
3104,4.6
3105,5.0
3106,4.2
3107,3.0
3108,3.4
3109,3.8
3110,4.2
3111,5.0
3112,4.2
3113,3.8
3114,3.8
3115,4.2
3116,5.0
3117,4.6
3118,4.6
3119,5.0
3120,2.2
3121,4.6
3122,2.6
3123,3.8
3124,5.4
3125,5.0
3126,5.4
3127,2.6
3128,4.2
3129,4.2
3130,3.0
3131,4.6
3132,3.4
3133,4.6
3134,4.2
3135,3.4
3136,4.2
3137,3.8
3138,2.6
3139,4.2
3140,5.0
3141,3.4
3142,5.0
3143,4.2
3144,5.8
3145,3.4
3146,3.4
3147,3.8
3148,3.4
3149,5.0
3150,3.0
3151,3.0
3152,2.6
3153,4.2
3154,5.0
3155,3.4
3156,4.6
3157,2.6
3158,4.6
3159,5.0
3160,3.6666666666666665
3161,3.8
3162,3.8
3163,3.8
3164,3.0
3165,4.6
3166,5.8
3167,4.6
3168,3.0
3169,4.2
3170,4.6
3171,3.0
3172,3.4
3173,5.4
3174,3.8
3175,4.6
3176,3.0
3177,4.2
3178,2.6
3179,3.0
3180,5.0
3181,4.6
3182,3.8
3183,3.8
3184,3.8
3185,4.6
3186,4.2
3187,3.0
3188,5.8
3189,3.8
3190,3.4
3191,3.0
3192,5.0
3193,4.2
3194,3.4
3195,5.0
3196,3.8
3197,3.0
3198,3.4
3199,5.0
3200,3.8
3201,3.8
3202,5.0
3203,4.2
3204,4.2
3205,3.0
3206,5.0
3207,4.2
3208,4.2
3209,3.8
3210,4.2
3211,3.0
3212,2.6
3213,3.8
3214,4.6
3215,5.0
3216,3.0
3217,4.6
3218,5.4
3219,4.6
3220,3.8
3221,4.6
3222,4.6
3223,4.2
3224,4.6
3225,3.4
3226,3.0
3227,5.0
3228,5.4
3229,4.2
3230,3.4
3231,4.6
3232,5.0
3233,4.6
3234,3.8
3235,3.8
3236,4.2
3237,3.8
3238,5.0
3239,3.8
3240,4.2
3241,3.8
3242,4.2
3243,4.6
3244,4.2
3245,5.4
3246,3.8
3247,3.8
3248,4.2
3249,4.2
3250,3.8
3251,5.0
3252,3.8
3253,3.8
3254,5.0
3255,2.6
3256,3.4
3257,3.6666666666666665
3258,5.0
3259,4.6
3260,2.2
3261,5.0
3262,4.6
3263,4.2
3264,3.8
3265,3.8
3266,4.2
3267,5.0
3268,4.6
3269,4.6
3270,5.8
3271,4.6
3272,4.0
3273,4.2
3274,4.2
3275,2.3333333333333335
3276,4.6
3277,5.4
3278,4.2
3279,4.2
3280,3.8
3281,2.6
3282,5.4
3283,3.8
3284,5.0
3285,3.8
3286,3.4
3287,3.4
3288,4.6
3289,3.8
3290,3.4
3291,3.8
3292,3.8
3293,4.6
3294,2.2
3295,6.2
3296,4.6
3297,2.6
3298,3.8
3299,4.2
3300,3.4
3301,4.2
3302,4.2
3303,4.0
3304,4.2
3305,5.0
3306,4.6
3307,3.0
3308,4.2
3309,4.6
3310,3.0
3311,5.0
3312,5.0
3313,4.2
3314,4.2
3315,4.6
3316,5.0
3317,5.4
3318,3.0
3319,3.4
3320,5.8
3321,3.4
3322,5.4
3323,3.4
3324,4.6
3325,4.6
3326,3.8
3327,4.6
3328,4.2
3329,3.8
3330,3.0
3331,3.8
3332,3.0
3333,3.4
3334,3.0
3335,3.0
3336,3.4
3337,3.4
3338,4.2
3339,5.0
3340,3.0
3341,3.0
3342,3.4
3343,3.4
3344,5.4
3345,4.6
3346,3.6666666666666665
3347,4.6
3348,3.0
3349,2.6
3350,5.0
3351,3.3333333333333335
3352,4.2
3353,4.6
3354,3.0
3355,3.8
3356,3.4
3357,3.8
3358,4.6
3359,5.4
3360,4.6
3361,3.4
3362,4.2
3363,3.8
3364,2.2
3365,3.8
3366,5.4
3367,4.6
3368,3.8
3369,3.6666666666666665
3370,4.6
3371,3.4
3372,4.0
3373,4.2
3374,2.6
3375,3.0
3376,3.4
3377,3.4
3378,3.4
3379,3.4
3380,4.6
3381,2.3333333333333335
3382,3.0
3383,3.4
3384,4.6
3385,3.8
3386,4.2
3387,4.2
3388,3.0
3389,3.8
3390,4.6
3391,3.8
3392,2.6
3393,3.8
3394,3.8
3395,3.8
3396,5.0
3397,3.8
3398,4.2
3399,4.6
3400,4.2
3401,5.4
3402,3.4
3403,4.6
3404,5.4
3405,4.0
3406,3.4
3407,4.2
3408,3.8
3409,4.2
3410,4.2
3411,5.4
3412,4.2
3413,4.2
3414,4.2
3415,3.6666666666666665
3416,4.6
3417,3.0
3418,4.6
3419,2.6
3420,5.0
3421,3.8
3422,5.0
3423,3.0
3424,1.8
3425,2.6
3426,4.6
3427,5.8
3428,2.6
3429,5.8
3430,4.2
3431,4.6
3432,5.0
3433,4.0
3434,3.0
3435,4.6
3436,4.6
3437,5.8
3438,3.8
3439,4.2
3440,4.6
3441,3.0
3442,3.8
3443,3.4
3444,4.6
3445,2.2
3446,4.2
3447,5.0
3448,3.4
3449,5.0
3450,3.8
3451,3.6666666666666665
3452,5.0
3453,4.6
3454,2.6666666666666665
3455,3.0
3456,4.2
3457,2.3333333333333335
3458,3.4
3459,4.2
3460,6.6
3461,3.8
3462,3.4
3463,4.6
3464,5.0
3465,3.8
3466,4.2
3467,3.0
3468,4.6
3469,4.0
3470,5.8
3471,4.2
3472,4.2
3473,4.2
3474,3.0
3475,2.2
3476,3.6666666666666665
3477,3.8
3478,4.2
3479,3.4
3480,4.2
3481,3.0
3482,3.6666666666666665
3483,3.8
3484,3.0
3485,3.0
3486,2.2
3487,5.0
3488,5.8
3489,3.8
3490,3.3333333333333335
3491,5.8
3492,5.0
3493,3.4
3494,4.6
3495,3.4
3496,4.6
3497,3.8
3498,3.4
3499,4.2
3500,4.2
3501,4.6
3502,4.6
3503,4.2
3504,5.0
3505,2.6
3506,5.0
3507,4.2
3508,3.4
3509,5.0
3510,3.4
3511,4.2
3512,3.4
3513,5.0
3514,4.2
3515,4.2
3516,5.8
3517,3.0
3518,3.8
3519,5.0
3520,3.8
3521,5.0
3522,4.2
3523,3.4
3524,5.0
3525,2.2
3526,3.4
3527,3.8
3528,3.4
3529,2.6
3530,4.6
3531,3.4
3532,4.6
3533,3.8
3534,4.2
3535,3.0
3536,4.6
3537,4.6
3538,4.6
3539,3.8
3540,3.8
3541,4.2
3542,2.6
3543,4.333333333333333
3544,4.6
3545,4.2
3546,6.2
3547,4.2
3548,5.0
3549,4.2
3550,3.6666666666666665
3551,4.333333333333333
3552,4.2
3553,3.8
3554,3.8
3555,3.3333333333333335
3556,1.8
3557,5.0
3558,3.0
3559,5.4
3560,4.2
3561,4.6
3562,4.6
3563,4.2
3564,3.8
3565,3.8
3566,4.6
3567,4.6
3568,3.4
3569,3.8
3570,4.0
3571,3.8
3572,3.4
3573,3.0
3574,4.2
3575,5.0
3576,3.8
3577,4.2
3578,4.2
3579,4.6
3580,5.4
3581,4.2
3582,1.8
3583,4.0
3584,3.0
3585,3.0
3586,5.0
3587,3.4
3588,3.8
3589,4.2
3590,3.0
3591,3.4
3592,3.4
3593,4.2
3594,5.0
3595,4.2
3596,5.0
3597,3.0
3598,5.0
3599,4.2
3600,3.4
3601,5.4
3602,3.4
3603,3.4
3604,4.2
3605,4.2
3606,5.0
3607,3.8
3608,3.8
3609,5.4
3610,5.0
3611,4.6
3612,3.8
3613,3.8
3614,3.8
3615,4.6
3616,2.6666666666666665
3617,5.8
3618,4.2
3619,5.8
3620,4.6
3621,4.2
3622,3.0
3623,3.8
3624,3.8
3625,4.2
3626,4.6
3627,5.0
3628,3.8
3629,4.6
3630,5.8
3631,3.8
3632,3.0
3633,3.4
3634,4.6
3635,4.6
3636,4.6
3637,3.4
3638,3.8
3639,4.6
3640,4.2
3641,4.2
3642,3.4
3643,4.2
3644,6.2
3645,3.4
3646,3.8
3647,5.0
3648,3.8
3649,3.8
3650,4.6
3651,3.6666666666666665
3652,4.2
3653,3.0
3654,3.4
3655,4.6
3656,4.2
3657,4.2
3658,3.0
3659,4.6
3660,3.4
3661,3.0
3662,2.2
3663,4.2
3664,3.0
3665,3.8
3666,4.2
3667,4.6
3668,3.8
3669,5.0
3670,4.2
3671,3.8
3672,3.6666666666666665
3673,4.6
3674,3.6666666666666665
3675,4.6
3676,3.8
3677,4.2
3678,4.6
3679,4.2
3680,5.0
3681,6.2
3682,4.6
3683,5.4
3684,4.2
3685,4.2
3686,5.0
3687,4.6
3688,4.2
3689,4.6
3690,4.6
3691,5.0
3692,3.8
3693,5.0
3694,4.2
3695,3.8
3696,2.6
3697,5.0
3698,3.8
3699,3.4
3700,3.8
3701,5.8
3702,5.0
3703,2.6
3704,3.4
3705,2.6
3706,5.0
3707,4.2
3708,4.6
3709,4.6
3710,3.4
3711,4.2
3712,5.0
3713,2.6666666666666665
3714,5.0
3715,3.3333333333333335
3716,3.6666666666666665
3717,3.0
3718,4.2
3719,3.4
3720,4.6
3721,5.4
3722,5.8
3723,4.6
3724,3.4
3725,5.8
3726,5.0
3727,3.8
3728,5.0
3729,3.8
3730,5.4
3731,3.8
3732,4.6
3733,4.6
3734,4.2
3735,3.4
3736,4.2
3737,3.8
3738,5.0
3739,3.0
3740,5.4
3741,2.6
3742,5.4
3743,3.6666666666666665
3744,3.8
3745,3.8
3746,2.6
3747,3.0
3748,4.6
3749,3.6666666666666665
3750,3.4
3751,5.4
3752,3.0
3753,4.6
3754,3.0
3755,5.0
3756,5.4
3757,4.2
3758,5.0
3759,4.6
3760,3.4
3761,5.8
3762,5.4
3763,4.6
3764,5.4
3765,4.2
3766,5.4
3767,3.0
3768,4.6
3769,5.0
3770,4.6
3771,3.0
3772,4.2
3773,5.0
3774,3.4
3775,3.4
3776,3.4
3777,3.0
3778,5.4
3779,5.4
3780,5.8
3781,4.6
3782,4.2
3783,4.6
3784,5.0
3785,4.2
3786,3.8
3787,4.2
3788,3.8
3789,4.6
3790,3.0
3791,5.4
3792,4.2
3793,4.2
3794,3.8
3795,4.6
3796,3.8
3797,5.0
3798,3.8
3799,5.4
3800,3.8
3801,5.0
3802,4.2
3803,5.4
3804,4.2
3805,3.8
3806,3.8
3807,4.2
3808,4.0
3809,5.0
3810,5.0
3811,5.0
3812,4.2
3813,3.0
3814,3.4
3815,5.4
3816,5.4
3817,4.2
3818,5.4
3819,3.4
3820,5.4
3821,4.6
3822,5.4
3823,3.4
3824,5.4
3825,4.6
3826,3.8
3827,4.6
3828,3.0
3829,3.4
3830,3.8
3831,4.6
3832,3.4
3833,3.8
3834,4.2
3835,2.6666666666666665
3836,2.2
3837,4.2
3838,3.8
3839,5.4
3840,4.2
3841,4.6
3842,3.4
3843,4.2
3844,5.0
3845,4.2
3846,3.4
3847,4.6
3848,4.6
3849,3.0
3850,4.6
3851,4.6
3852,5.8
3853,4.2
3854,5.0
3855,1.8
3856,3.0
3857,4.2
3858,3.6666666666666665
3859,5.0
3860,3.8
3861,5.0
3862,4.666666666666667
3863,3.0
3864,5.0
3865,3.8
3866,5.4
3867,3.4
3868,3.8
3869,4.0
3870,5.4
3871,4.6
3872,3.0
3873,4.6
3874,3.0
3875,4.2
3876,3.4
3877,3.8
3878,3.8
3879,5.0
3880,5.8
3881,3.8
3882,3.0
3883,3.3333333333333335
3884,3.8
3885,4.2
3886,4.6
3887,4.6
3888,3.8
3889,4.6
3890,4.6
3891,1.8
3892,3.8
3893,4.2
3894,5.8
3895,4.2
3896,5.4
3897,3.8
3898,3.4
3899,3.4
3900,5.0
3901,4.6
3902,3.4
3903,3.8
3904,3.0
3905,3.3333333333333335
3906,4.2
3907,4.2
3908,5.8
3909,3.4
3910,4.6
3911,5.4
3912,5.0
3913,4.6
3914,4.6
3915,3.8
3916,4.2
3917,3.4
3918,4.2
3919,3.0
3920,4.6
3921,4.2
3922,3.0
3923,5.8
3924,4.6
3925,3.4
3926,3.4
3927,5.4
3928,1.4
3929,5.8
3930,1.8
3931,5.0
3932,3.4
3933,4.6
3934,3.4
3935,4.2
3936,3.8
3937,3.4
3938,5.0
3939,3.8
3940,2.6666666666666665
3941,4.6
3942,4.2
3943,3.0
3944,4.6
3945,4.333333333333333
3946,5.0
3947,5.4
3948,4.2
3949,5.0
3950,4.2
3951,6.2
3952,5.0
3953,4.2
3954,5.0
3955,3.4
3956,5.0
3957,4.2
3958,4.6
3959,3.0
3960,4.2
3961,3.8
3962,5.4
3963,3.8
3964,3.8
3965,4.2
3966,1.4
3967,3.3333333333333335
3968,3.3333333333333335
3969,4.6
3970,4.6
3971,4.2
3972,3.4
3973,3.8
3974,5.8
3975,2.6666666666666665
3976,5.0
3977,5.0
3978,4.6
3979,3.8
3980,3.8
3981,6.2
3982,4.2
3983,1.8
3984,3.4
3985,2.6666666666666665
3986,4.6
3987,3.8
3988,3.8
3989,4.2
3990,5.0
3991,5.8
3992,2.2
3993,4.2
3994,4.2
3995,3.0
3996,3.4
3997,5.0
3998,3.8
3999,4.2
4000,3.8
4001,5.0
4002,5.0
4003,3.8
4004,2.6
4005,5.0
4006,3.0
4007,4.2
4008,3.4
4009,4.6
4010,2.6
4011,3.8
4012,4.6
4013,5.8
4014,3.8
4015,3.4
4016,5.0
4017,4.2
4018,3.4
4019,2.6
4020,5.0
4021,1.8
4022,4.6
4023,4.2
4024,5.4
4025,3.6666666666666665
4026,4.2
4027,4.6
4028,4.2
4029,2.2
4030,3.4
4031,4.2
4032,4.6
4033,3.8
4034,4.6
4035,5.4
4036,5.4
4037,5.4
4038,4.6
4039,3.8
4040,3.8
4041,3.4
4042,4.6
4043,3.8
4044,3.0
4045,5.0
4046,3.4
4047,5.4
4048,4.2
4049,3.8
4050,3.0
4051,4.6
4052,5.0
4053,4.6
4054,4.6
4055,3.8
4056,5.0
4057,3.4
4058,3.8
4059,5.4
4060,4.6
4061,3.4
4062,4.6
4063,4.6
4064,4.2
4065,4.2
4066,5.0
4067,4.2
4068,3.0
4069,4.6
4070,3.0
4071,3.8
4072,4.2
4073,4.6
4074,3.0
4075,3.4
4076,4.2
4077,3.8
4078,3.0
4079,4.2
4080,3.0
4081,3.8
4082,4.6
4083,4.6
4084,1.4
4085,4.2
4086,2.6
4087,3.8
4088,5.0
4089,5.0
4090,5.4
4091,2.2
4092,3.8
4093,5.8
4094,5.0
4095,5.8
4096,3.8
4097,3.4
4098,3.4
4099,3.4
4100,4.6
4101,4.6
4102,3.4
4103,3.8
4104,3.0
4105,3.8
4106,4.2
4107,3.6666666666666665
4108,4.6
4109,4.6
4110,5.0
4111,4.6
4112,4.2
4113,2.3333333333333335
4114,5.8
4115,5.4
4116,4.2
4117,4.6
4118,5.4
4119,3.0
4120,3.0
4121,3.8
4122,4.2
4123,5.0
4124,3.4
4125,4.6
4126,4.2
4127,3.8
4128,3.0
4129,4.6
4130,5.4
4131,3.4
4132,4.6
4133,4.6
4134,3.8
4135,3.4
4136,4.6
4137,5.0
4138,5.0
4139,4.6
4140,3.8
4141,4.2
4142,4.6
4143,4.2
4144,3.8
4145,4.6
4146,3.3333333333333335
4147,4.2
4148,5.4
4149,3.8
4150,2.6
4151,4.2
4152,2.2
4153,3.0
4154,3.0
4155,3.8
4156,3.0
4157,4.2
4158,4.2
4159,3.4
4160,3.8
4161,3.4
4162,3.6666666666666665
4163,3.4
4164,1.6666666666666667
4165,3.0
4166,5.0
4167,5.0
4168,4.2
4169,4.6
4170,3.4
4171,5.4
4172,4.2
4173,5.0
4174,4.6
4175,4.6
4176,4.6
4177,5.0
4178,4.2
4179,3.4
4180,3.0
4181,4.6
4182,3.0
4183,3.8
4184,4.6
4185,3.4
4186,4.2
4187,4.6
4188,5.0
4189,4.6
4190,4.2
4191,4.6
4192,4.6
4193,3.8
4194,3.4
4195,5.0
4196,5.0
4197,3.8
4198,3.0
4199,3.0
4200,4.6
4201,4.2
4202,5.0
4203,3.0
4204,2.6
4205,4.6
4206,3.8
4207,5.4
4208,4.2
4209,2.6
4210,3.8
4211,3.8
4212,3.4
4213,4.2
4214,5.0
4215,3.0
4216,3.0
4217,3.4
4218,2.6
4219,3.4
4220,3.8
4221,3.8
4222,4.2
4223,4.6
4224,3.4
4225,4.2
4226,3.4
4227,4.6
4228,4.2
4229,3.8
4230,3.8
4231,3.3333333333333335
4232,5.4
4233,5.0
4234,5.0
4235,5.0
4236,4.6
4237,6.2
4238,3.0
4239,3.8
4240,3.0
4241,5.8
4242,3.8
4243,4.2
4244,4.2
4245,5.4
4246,4.2
4247,4.6
4248,4.6
4249,3.4
4250,5.0
4251,3.0
4252,5.4
4253,3.4
4254,3.6666666666666665
4255,3.8
4256,3.3333333333333335
4257,3.0
4258,3.0
4259,3.4
4260,3.8
4261,2.6
4262,4.6
4263,4.2
4264,4.2
4265,3.8
4266,4.6
4267,5.4
4268,3.8
4269,5.0
4270,3.8
4271,4.6
4272,3.8
4273,4.6
4274,3.8
4275,3.8
4276,4.6
4277,3.4
4278,3.4
4279,4.2
4280,4.2
4281,3.0
4282,3.8
4283,4.2
4284,4.2
4285,2.6
4286,4.0
4287,5.4
4288,1.8
4289,5.0
4290,3.0
4291,4.6
4292,3.8
4293,4.2
4294,4.2
4295,3.8
4296,3.3333333333333335
4297,5.0
4298,4.2
4299,3.8
4300,3.0
4301,5.0
4302,5.0
4303,3.8
4304,5.0
4305,3.3333333333333335
4306,4.6
4307,3.0
4308,5.4
4309,3.6666666666666665
4310,4.2
4311,3.8
4312,2.2
4313,2.6
4314,4.6
4315,4.2
4316,3.0
4317,4.6
4318,4.6
4319,1.8
4320,5.0
4321,2.6
4322,4.6
4323,5.8
4324,4.333333333333333
4325,3.4
4326,2.6666666666666665
4327,3.8
4328,4.2
4329,3.4
4330,5.0
4331,4.6
4332,3.4
4333,3.8
4334,2.6666666666666665
4335,4.6
4336,3.8
4337,4.6
4338,4.2
4339,3.4
4340,3.4
4341,5.8
4342,5.4
4343,3.0
4344,4.2
4345,4.2
4346,5.0
4347,4.6
4348,3.8
4349,5.0
4350,3.8
4351,4.6
4352,3.4
4353,5.0
4354,4.6
4355,4.6
4356,4.2
4357,3.6666666666666665
4358,4.2
4359,3.8
4360,3.4
4361,2.3333333333333335
4362,2.6666666666666665
4363,3.6666666666666665
4364,4.6
4365,3.8
4366,2.6
4367,3.0
4368,3.0
4369,3.4
4370,4.2
4371,3.4
4372,4.6
4373,5.0
4374,3.8
4375,3.6666666666666665
4376,4.6
4377,5.0
4378,3.8
4379,5.0
4380,4.2
4381,4.2
4382,4.6
4383,3.0
4384,3.4
4385,3.8
4386,4.6
4387,5.0
4388,4.2
4389,5.0
4390,5.0
4391,3.8
4392,4.6
4393,4.2
4394,3.8
4395,5.0
4396,4.6
4397,3.8
4398,5.0
4399,5.0
4400,3.8
4401,4.6
4402,3.8
4403,3.8
4404,3.8
4405,3.4
4406,4.6
4407,3.0
4408,4.2
4409,4.2
4410,3.0
4411,4.6
4412,3.8
4413,4.6
4414,4.2
4415,4.2
4416,4.2
4417,2.2
4418,5.0
4419,4.6
4420,4.2
4421,3.4
4422,3.8
4423,4.6
4424,3.8
4425,5.4
4426,3.4
4427,4.2
4428,4.6
4429,3.8
4430,3.8
4431,2.6
4432,5.0
4433,3.8
4434,2.6
4435,5.0
4436,4.6
4437,3.8
4438,2.6666666666666665
4439,5.0
4440,2.2
4441,2.2
4442,5.4
4443,4.2
4444,2.6666666666666665
4445,4.6
4446,4.2
4447,2.2
4448,6.2
4449,3.4
4450,4.6
4451,5.0
4452,2.6
4453,5.8
4454,2.6666666666666665
4455,4.6
4456,2.2
4457,3.8
4458,5.4
4459,3.4
4460,4.2
4461,3.0
4462,4.2
4463,4.6
4464,3.4
4465,3.8
4466,3.4
4467,4.2
4468,2.6
4469,4.6
4470,5.4
4471,3.8
4472,5.4
4473,4.6
4474,3.4
4475,4.2
4476,4.2
4477,4.2
4478,5.0
4479,4.2
4480,4.2
4481,3.4
4482,3.4
4483,5.0
4484,4.6
4485,4.2
4486,3.0
4487,3.4
4488,3.4
4489,3.8
4490,3.0
4491,5.4
4492,3.4
4493,4.6
4494,3.8
4495,3.4
4496,5.0
4497,4.2
4498,4.6
4499,4.2
4500,5.4
4501,5.4
4502,5.0
4503,4.6
4504,4.2
4505,5.0
4506,4.2
4507,3.0
4508,3.4
4509,3.4
4510,4.2
4511,4.2
4512,4.2
4513,4.2
4514,3.0
4515,5.0
4516,2.2
4517,5.4
4518,4.2
4519,4.2
4520,2.6666666666666665
4521,3.8
4522,3.8
4523,3.4
4524,3.8
4525,3.4
4526,5.0
4527,5.0
4528,5.0
4529,4.6
4530,5.0
4531,3.4
4532,4.6
4533,3.0
4534,4.333333333333333
4535,2.6
4536,3.0
4537,4.2
4538,4.2
4539,5.4
4540,4.2
4541,3.8
4542,5.4
4543,4.2
4544,5.0
4545,3.4
4546,3.0
4547,4.2
4548,3.8
4549,3.3333333333333335
4550,3.4
4551,4.2
4552,5.0
4553,3.3333333333333335
4554,4.2
4555,4.2
4556,5.0
4557,3.8
4558,3.8
4559,2.6
4560,5.4
4561,3.0
4562,2.6
4563,4.2
4564,3.8
4565,3.8
4566,3.0
4567,4.6
4568,5.0
4569,3.8
4570,5.8
4571,3.4
4572,3.4
4573,3.8
4574,3.4
4575,4.6
4576,3.0
4577,3.0
4578,3.0
4579,3.8
4580,4.6
4581,4.6
4582,2.2
4583,4.2
4584,3.8
4585,4.2
4586,3.4
4587,1.6666666666666667
4588,4.6
4589,3.4
4590,6.6
4591,3.4
4592,4.2
4593,3.8
4594,3.4
4595,3.8
4596,3.8
4597,5.4
4598,4.2
4599,5.4
4600,3.4
4601,3.8
4602,4.6
4603,4.6
4604,5.0
4605,4.6
4606,5.4
4607,5.8
4608,3.8
4609,5.4
4610,4.6
4611,3.0
4612,3.0
4613,5.4
4614,4.2
4615,4.2
4616,3.4
4617,4.6
4618,4.6
4619,5.0
4620,4.2
4621,4.6
4622,4.6
4623,4.2
4624,3.8
4625,3.4
4626,4.6
4627,3.8
4628,4.2
4629,3.0
4630,5.8
4631,5.4
4632,3.8
4633,4.6
4634,5.0
4635,5.4
4636,4.2
4637,5.4
4638,3.4
4639,3.8
4640,4.2
4641,3.4
4642,4.2
4643,2.6
4644,5.8
4645,5.0
4646,4.6
4647,4.2
4648,2.2
4649,3.8
4650,4.2
4651,3.8
4652,3.0
4653,3.0
4654,4.6
4655,3.0
4656,3.8
4657,4.6
4658,3.4
4659,3.8
4660,3.8
4661,4.2
4662,2.2
4663,4.6
4664,4.0
4665,4.2
4666,5.8
4667,2.6666666666666665
4668,5.0
4669,4.6
4670,5.4
4671,5.8
4672,4.2
4673,3.4
4674,5.4
4675,3.8
4676,3.8
4677,3.8
4678,6.2
4679,4.6
4680,4.6
4681,3.4
4682,4.0
4683,3.4
4684,3.8
4685,4.6
4686,3.0
4687,3.0
4688,3.4
4689,5.0
4690,4.6
4691,4.2
4692,2.6
4693,3.8
4694,4.6
4695,4.6
4696,3.8
4697,4.2
4698,3.4
4699,5.8
4700,3.8
4701,4.2
4702,4.2
4703,4.2
4704,4.2
4705,4.2
4706,2.6
4707,2.6
4708,4.6
4709,4.6
4710,3.4
4711,5.0
4712,3.8
4713,2.2
4714,2.6
4715,5.4
4716,4.0
4717,3.0
4718,3.8
4719,3.4
4720,4.2
4721,6.2
4722,3.4
4723,4.6
4724,4.2
4725,4.2
4726,3.8
4727,4.6
4728,5.0
4729,4.6
4730,5.0
4731,3.8
4732,4.333333333333333
4733,3.8
4734,3.8
4735,5.0
4736,4.6
4737,4.2
4738,3.4
4739,4.2
4740,3.8
4741,3.8
4742,5.4
4743,4.6
4744,3.0
4745,4.2
4746,4.6
4747,3.8
4748,3.0
4749,2.2
4750,5.4
4751,4.6
4752,4.2
4753,3.0
4754,6.2
4755,4.2
4756,4.2
4757,4.6
4758,4.2
4759,3.4
4760,3.8
4761,3.8
4762,5.0
4763,2.6
4764,6.2
4765,3.0
4766,3.8
4767,5.0
4768,3.4
4769,4.2
4770,3.4
4771,4.6
4772,5.8
4773,3.4
4774,3.8
4775,4.2
4776,3.0
4777,5.4
4778,3.8
4779,4.0
4780,2.6
4781,5.0
4782,3.4
4783,4.6
4784,3.4
4785,5.0
4786,2.3333333333333335
4787,3.4
4788,4.2
4789,2.6
4790,4.0
4791,3.0
4792,5.4
4793,2.3333333333333335
4794,4.2
4795,4.6
4796,4.2
4797,4.2
4798,3.4
4799,5.0
4800,3.0
4801,5.4
4802,3.0
4803,4.2
4804,4.6
4805,5.0
4806,4.2
4807,4.2
4808,4.2
4809,3.8
4810,5.0
4811,4.6
4812,2.0
4813,3.4
4814,4.6
4815,4.2
4816,3.8
4817,3.8
4818,3.8
4819,4.2
4820,4.6
4821,5.0
4822,3.4
4823,4.6
4824,4.2
4825,4.6
4826,3.4
4827,4.2
4828,5.0
4829,4.2
4830,4.6
4831,4.2
4832,2.2
4833,2.6
4834,4.2
4835,4.2
4836,3.4
4837,3.0
4838,3.3333333333333335
4839,5.4
4840,3.8
4841,4.6
4842,2.2
4843,2.6
4844,5.0
4845,3.8
4846,3.4
4847,4.6
4848,4.2
4849,4.2
4850,5.4
4851,4.6
4852,5.8
4853,5.0
4854,4.2
4855,5.0
4856,3.8
4857,3.8
4858,5.0
4859,3.0
4860,4.2
4861,3.3333333333333335
4862,3.8
4863,3.4
4864,3.4
4865,3.0
4866,5.0
4867,1.8
4868,4.666666666666667
4869,4.2
4870,3.0
4871,1.4
4872,3.4
4873,2.2
4874,3.8
4875,4.2
4876,4.6
4877,4.2
4878,3.0
4879,4.2
4880,4.6
4881,4.6
4882,2.3333333333333335
4883,5.0
4884,5.0
4885,3.8
4886,4.2
4887,5.0
4888,5.0
4889,4.6
4890,3.8
4891,2.6666666666666665
4892,3.4
4893,4.6
4894,3.8
4895,3.4
4896,3.8
4897,5.0
4898,3.8
4899,4.333333333333333
4900,5.8
4901,5.0
4902,6.6
4903,3.8
4904,4.6
4905,2.6
4906,4.6
4907,5.4
4908,5.4
4909,3.8
4910,4.333333333333333
4911,3.8
4912,4.6
4913,3.8
4914,3.8
4915,3.4
4916,3.4
4917,3.4
4918,2.6
4919,3.8
4920,5.0
4921,3.8
4922,5.0
4923,2.6666666666666665
4924,4.2
4925,1.8
4926,4.2
4927,2.6
4928,3.4
4929,3.0
4930,4.2
4931,4.2
4932,5.8
4933,4.6
4934,5.4
4935,3.8
4936,5.4
4937,4.6
4938,3.4
4939,3.8
4940,5.0
4941,3.8
4942,3.8
4943,3.4
4944,3.8
4945,4.2
4946,3.0
4947,5.0
4948,5.0
4949,3.4
4950,3.0
4951,5.4
4952,3.4
4953,3.4
4954,5.4
4955,4.2
4956,4.6
4957,3.8
4958,3.8
4959,2.2
4960,3.4
4961,3.0
4962,6.2
4963,3.0
4964,3.3333333333333335
4965,3.8
4966,5.8
4967,2.6
4968,3.8
4969,5.0
4970,3.8
4971,4.2
4972,3.8
4973,4.2
4974,4.6
4975,5.0
4976,2.6
4977,4.2
4978,3.4
4979,4.2
4980,5.0
4981,3.0
4982,1.8
4983,3.0
4984,3.8
4985,4.6
4986,4.6
4987,2.6
4988,4.2
4989,4.6
4990,4.6
4991,5.0
4992,3.4
4993,3.8
4994,3.8
4995,3.4
4996,3.8
4997,3.8
4998,3.8
4999,3.0
5000,3.4
